Customer Name,Customer ID,total_spent,n_transaction,first_date,last_date,day_since_last_visit,median_days,recency,frequency,monetary,rfm_score,rfm_segment
Aaron Bergman,AB-10015,6116.454,12,3/22/2015,4/23/2018,283,117,1,5,5,155,Can’t Lose Them
Aaron Hawkins,AH-10030,3972.834,8,6/18/2015,12/3/2018,59,121,4,4,4,444,Loyal Customers
Aaron Smayling,AS-10045,6710.409,13,3/22/2015,12/8/2018,54,245.5,5,5,5,555,Champions
Adam Bellavance,AB-10060,3343.296,5,12/20/2016,5/19/2018,257,133,2,2,3,223,Hibernating
Adam Hart,AH-10075,4524.624,9,6/11/2015,12/1/2018,61,304,4,5,4,454,Champions
Adam Shillingsburg,AS-10090,4138.902,8,5/22/2015,12/16/2018,46,200,5,4,4,544,Champions
Adrian Barton,AB-10105,2950.398,6,6/13/2016,12/4/2018,58,263,4,2,3,423,Potential Loyalist
Adrian Hane,AH-10120,3590.691,6,6/29/2016,9/9/2018,144,321,3,2,3,323,Potential Loyalist
Adrian Shami,AS-10135,2472.831,3,7/13/2016,4/13/2017,658,137,1,1,2,112,Lost
Aimee Bixby,AB-10150,9138.762,6,1/25/2015,9/19/2018,134,407,3,2,5,325,Customers Needing Attention
Alan Barnes,AB-10165,6434.433,11,2/18/2015,12/18/2018,44,158.5,5,5,5,555,Champions
Alan Dominguez,AD-10180,1000.8885,5,3/14/2016,12/20/2017,407,356,1,2,1,121,Lost
Alan Haines,AH-10195,1830.93,9,4/9/2015,9/30/2018,123,176.5,3,5,2,352,Potential Loyalist
Alan Hwang,AH-10210,7417.7385,11,8/24/2015,9/20/2018,133,258.5,3,5,5,355,Loyal Customers
Alan Schoenberger,AS-10225,6300.594,6,6/1/2016,12/19/2018,43,361,5,2,5,525,Promising
Alan Shonely,AS-10240,3689.523,9,1/26/2015,11/18/2018,74,248.5,4,5,3,453,Potential Loyalist
Alejandro Ballentine,AB-10255,950.595,6,9/24/2015,4/19/2018,287,260,1,2,1,121,Lost
Alejandro Grove,AG-10270,1661.91,4,8/25/2016,6/18/2018,227,300,2,1,2,212,Hibernating
Alejandro Savely,AS-10285,4994.8035,7,1/29/2016,12/12/2018,50,265.5,5,3,4,534,Customers Needing Attention
Aleksandra Gannaway,AG-10300,6070.938,7,11/14/2016,10/20/2018,103,198,3,3,5,335,Loyal Customers
Alex Avila,AA-10315,6105.627,7,5/17/2016,12/18/2018,44,102.5,5,3,5,535,Customers Needing Attention
Alex Grayson,AG-10330,3589.5405,9,7/21/2015,8/4/2018,180,377.5,2,5,3,253,At Risk
Alex Russell,AR-10345,7039.644,9,11/9/2016,12/2/2018,60,250.5,4,5,5,455,Champions
Alice McCarthy,AM-10360,8941.752,11,2/21/2015,12/10/2018,52,192,5,5,5,555,Champions
Allen Armold,AA-10375,560.082,3,3/24/2016,2/17/2018,348,372,1,1,1,111,Lost
Allen Goldenen,AG-10390,2645.472,4,3/7/2016,11/13/2017,444,270,1,1,2,112,Lost
Allen Rosenblatt,AR-10405,3530.013,7,1/26/2015,9/11/2018,142,223,3,3,3,333,Potential Loyalist
Alyssa Crouse,AC-10420,1033.278,7,8/17/2015,9/25/2017,493,94.5,1,3,1,131,Lost
Alyssa Tate,AT-10435,6343.248,4,1/19/2017,12/19/2018,43,562,5,1,5,515,Promising
Amy Cox,AC-10450,2294.91,4,8/9/2015,12/26/2018,36,569,5,1,2,512,Recent Customers
Amy Hunt,AH-10465,250.668,2,12/21/2015,9/7/2017,511,626,1,1,1,111,Lost
Andrew Allen,AA-10480,5254.4565,7,11/2/2015,5/16/2018,260,354.5,2,3,4,234,At Risk
Andrew Gjertsen,AG-10495,7460.6025,11,4/5/2015,8/25/2018,159,214.5,2,5,5,255,At Risk
Andrew Roberts,AR-10510,6532.68,7,9/9/2015,10/30/2018,93,186,3,3,5,335,Loyal Customers
Andy Gerbode,AG-10525,4071.609,8,12/28/2015,11/24/2018,68,334,4,4,4,444,Loyal Customers
Andy Reiter,AR-10540,63.867,2,4/29/2015,9/1/2018,152,1221,2,1,1,211,Hibernating
Andy Yotov,AY-10555,3022.908,3,6/6/2016,8/4/2018,180,394.5,2,1,3,213,About to Sleep
Anemone Ratner,AR-10570,1899.006,4,12/18/2016,9/18/2018,135,569,3,1,2,312,About to Sleep
Angele Hood,AH-10585,1615.485,5,6/9/2015,7/1/2018,214,327,2,2,2,222,Hibernating
Ann Blume,AB-10600,4277.865,6,1/19/2015,1/28/2018,368,248,1,2,4,124,At Risk
Ann Chong,AC-10615,2738.22,5,7/30/2017,11/21/2018,71,93,4,2,3,423,Potential Loyalist
Ann Steele,AS-10630,1454.961,5,9/28/2016,11/26/2018,66,322.5,4,2,1,421,Recent Customers
Anna Andreadi,AA-10645,2730.207,9,11/5/2015,5/12/2018,264,217,1,5,3,153,At Risk
Anna Chung,AC-10660,2233.644,6,6/7/2015,8/2/2018,182,29,2,2,2,222,Hibernating
Anna Gayman,AG-10675,2285.031,7,3/11/2015,11/14/2018,78,512.5,4,3,2,432,Potential Loyalist
Anna Häberlin,AH-10690,3513.558,9,7/28/2015,12/1/2018,61,112.5,4,5,3,453,Potential Loyalist
Anne McFarland,AM-10705,6094.653,7,10/13/2015,12/6/2018,56,366,4,3,5,435,Loyal Customers
Anne Pryor,AP-10720,1762.83,2,9/16/2018,11/15/2018,77,60,4,1,2,412,Recent Customers
Annie Thurman,AT-10735,4359.993,8,8/24/2016,12/29/2018,33,126,5,4,4,544,Champions
Annie Zypern,AZ-10750,1286.883,4,1/15/2016,9/11/2018,142,350,3,1,1,311,Recent Customers
Anthony Garverick,AG-10765,2158.572,6,1/12/2015,9/30/2018,123,78,3,2,2,322,Hibernating
Anthony Jacobs,AJ-10780,3897.4875,7,10/31/2016,11/13/2018,79,217,4,3,4,434,Customers Needing Attention
Anthony Johnson,AJ-10795,2248.506,6,6/2/2015,7/31/2018,184,203,2,2,2,222,Hibernating
Anthony O'Donnell,AO-10810,5655.996,10,8/31/2015,6/26/2018,219,224,2,5,4,254,At Risk
Anthony Rawles,AR-10825,7719.3,15,5/14/2015,10/13/2018,110,121,3,5,5,355,Loyal Customers
Anthony Witt,AW-10840,4838.574,5,12/1/2015,12/15/2018,47,567.5,5,2,4,524,Promising
Arianne Irving,AI-10855,2104.914,7,10/7/2015,10/7/2018,116,233,3,3,2,332,Hibernating
Art Ferguson,AF-10870,7807.338,6,9/29/2015,9/17/2018,136,280,3,2,5,325,Customers Needing Attention
Art Foster,AF-10885,5881.68,13,6/7/2015,7/22/2018,193,167.5,2,5,5,255,At Risk
Arthur Gainer,AG-10900,3109.1895,8,6/25/2015,12/24/2017,403,216,1,4,3,143,At Risk
Arthur Prichep,AP-10915,1434.6945,6,1/4/2015,8/22/2018,162,342,2,2,1,221,About to Sleep
Arthur Wiediger,AW-10930,4066.104,5,11/8/2015,11/26/2018,66,339.5,4,2,4,424,Promising
Ashley Jarboe,AJ-10945,3401.121,7,11/28/2015,11/11/2017,446,217.5,1,3,3,133,At Risk
Astrea Jones,AJ-10960,4502.0145,6,2/8/2016,6/7/2018,238,217,2,2,4,224,At Risk
Barbara Fisher,BF-10975,2455.0425,2,9/1/2016,9/3/2018,150,732,2,1,2,212,Hibernating
Barry Blumstein,BB-10990,1808.856,5,1/16/2017,12/17/2018,45,175,5,2,2,522,Promising
Barry Franz,BF-11005,3910.71,7,12/7/2015,11/7/2018,85,209.5,4,3,4,434,Customers Needing Attention
Barry Französisch,BF-11020,3939.5505,8,1/13/2016,12/16/2018,46,402,5,4,4,544,Champions
Barry Gonzalez,BG-11035,7445.22,6,9/28/2015,12/2/2018,60,189,4,2,5,425,Promising
Barry Pond,BP-11050,1580.868,7,9/6/2016,12/26/2018,36,74.5,5,3,2,532,Potential Loyalist
Barry Weirich,BW-11065,1638.876,5,8/5/2015,7/4/2018,211,440.5,2,2,2,222,Hibernating
Bart Folk,BF-11080,2303.469,4,5/31/2017,1/31/2018,365,71,1,1,2,112,Lost
Bart Pistole,BP-11095,2425.236,8,10/23/2015,12/29/2018,33,241,5,4,2,542,Potential Loyalist
Bart Watters,BW-11110,10392.612,10,5/11/2015,11/7/2018,85,183,4,5,5,455,Champions
Becky Castell,BC-11125,6940.431,12,4/13/2015,11/20/2018,72,222,4,5,5,455,Champions
Becky Martin,BM-11140,1343.9745,6,9/24/2015,12/20/2018,42,266,5,2,1,521,Promising
Becky Pak,BP-11155,7588.551,7,8/11/2015,11/12/2018,80,206.5,4,3,5,435,Loyal Customers
Ben Ferrer,BF-11170,6135.591,8,9/4/2015,11/3/2018,89,137,3,4,5,345,Loyal Customers
Ben Peterman,BP-11185,4346.28,7,12/11/2015,12/18/2018,44,321,5,3,4,534,Customers Needing Attention
Ben Wallace,BW-11200,1183.152,4,6/27/2015,11/5/2018,87,436,3,1,1,311,Recent Customers
Benjamin Farhat,BF-11215,2733.015,7,5/2/2016,12/5/2018,57,291,4,3,3,433,Potential Loyalist
Benjamin Patterson,BP-11230,5518.401,5,4/2/2015,8/4/2018,180,485,2,2,4,224,At Risk
Benjamin Venier,BV-11245,10436.052,10,6/3/2015,11/17/2018,75,161,4,5,5,455,Champions
Berenike Kampe,BK-11260,3859.212,8,4/12/2015,12/5/2018,57,199,4,4,3,443,Customers Needing Attention
Beth Fritzler,BF-11275,4357.512,10,11/10/2015,12/25/2018,37,287,5,5,4,554,Champions
Beth Paige,BP-11290,3892.728,5,8/23/2015,12/18/2018,44,245.5,5,2,3,523,Promising
Beth Thompson,BT-11305,2918.871,8,11/23/2015,12/3/2018,59,140,4,4,3,443,Customers Needing Attention
Bill Donatelli,BD-11320,3189.321,8,4/23/2015,6/9/2018,236,123,2,4,3,243,At Risk
Bill Eplett,BE-11335,5881.743,12,9/23/2015,10/2/2018,121,138,3,5,5,355,Loyal Customers
Bill Overfelt,BO-11350,814.278,4,5/16/2016,9/11/2018,142,678,3,1,1,311,Recent Customers
Bill Shonely,BS-11365,4186.815,5,10/16/2015,9/3/2018,150,392,2,2,4,224,At Risk
Bill Stewart,BS-11380,1670.802,4,6/7/2015,9/29/2018,124,276,3,1,2,312,About to Sleep
Bill Tyler,BT-11395,5227.527,8,3/11/2015,12/3/2018,59,184,4,4,4,444,Loyal Customers
Bobby Elias,BE-11410,7625.277,7,11/16/2016,10/8/2018,115,176,3,3,5,335,Loyal Customers
Bobby Odegard,BO-11425,6311.457,8,2/26/2015,7/10/2018,205,493,2,4,5,245,At Risk
Bobby Trafton,BT-11440,2016.282,6,12/21/2015,2/17/2018,348,269,1,2,2,122,Hibernating
Brad Eason,BE-11455,2971.731,7,9/30/2015,12/28/2018,34,313.5,5,3,3,533,Potential Loyalist
Brad Norvell,BN-11470,3729.726,6,12/5/2017,11/26/2018,66,169,4,2,3,423,Potential Loyalist
Brad Thomas,BT-11485,4104.306,9,2/4/2015,7/24/2018,191,280,2,5,4,254,At Risk
Bradley Drucker,BD-11500,2532.8895,8,9/15/2015,12/12/2018,50,335,5,4,2,542,Potential Loyalist
Bradley Nguyen,BN-11515,2432.2515,5,10/6/2016,12/11/2018,51,128.5,5,2,2,522,Promising
Bradley Talbott,BT-11530,2488.719,7,11/23/2015,11/18/2018,74,356.5,4,3,2,432,Potential Loyalist
Brenda Bowman,BB-11545,6600.672,7,6/12/2016,11/28/2018,64,246,4,3,5,435,Loyal Customers
Brendan Dodson,BD-11560,5214.09,7,6/21/2015,10/17/2018,106,439,3,3,4,334,Customers Needing Attention
Brendan Murry,BM-11575,625.086,4,9/9/2016,9/29/2018,124,208,3,1,1,311,Recent Customers
Brendan Sweed,BS-11590,4035.6045,6,4/23/2015,12/25/2017,402,211,1,2,4,124,At Risk
Brian Dahlen,BD-11605,1268.136,3,1/18/2016,11/3/2016,819,208,1,1,1,111,Lost
Brian DeCherney,BD-11620,2491.884,7,8/8/2016,11/6/2018,86,116,4,3,2,432,Potential Loyalist
Brian Derr,BD-11635,4688.712,10,3/8/2016,12/19/2018,43,245,5,5,4,554,Champions
Brian Moss,BM-11650,3294.717,7,9/7/2015,7/30/2018,185,352.5,2,3,3,233,Hibernating
Brian Stugart,BS-11665,3732.5595,9,3/14/2016,12/2/2018,60,251,4,5,3,453,Potential Loyalist
Brian Thompson,BT-11680,1499.7,2,12/7/2015,3/3/2016,1064,87,1,1,1,111,Lost
Brooke Gillingham,BG-11695,661.5,1,12/13/2017,12/13/2017,414,0,1,1,1,111,Lost
Brosina Hoffman,BH-11710,7089.636,6,7/24/2016,11/10/2018,82,395,4,2,5,425,Promising
Bruce Degenhardt,BD-11725,1417.4385,6,3/26/2015,6/25/2018,220,462,2,2,1,221,About to Sleep
Bruce Geld,BG-11740,3269.1825,7,8/15/2017,12/25/2018,37,296.5,5,3,3,533,Potential Loyalist
Bruce Stewart,BS-11755,4700.175,6,11/12/2015,12/25/2018,37,263,5,2,4,524,Promising
Bryan Davis,BD-11770,3542.499,7,7/28/2015,6/17/2018,228,388.5,2,3,3,233,Hibernating
Bryan Mills,BM-11785,4330.65,7,8/25/2015,12/29/2018,33,179.5,5,3,4,534,Customers Needing Attention
Bryan Spruell,BS-11800,3004.524,6,6/30/2016,8/19/2018,165,191,2,2,3,223,Hibernating
Candace McMahon,CM-11815,5044.779,7,3/15/2015,11/21/2018,71,460,4,3,4,434,Customers Needing Attention
Cari MacIntyre,CM-11830,11302.1535,11,9/3/2015,12/25/2018,37,200,5,5,5,555,Champions
Cari Sayre,CS-11845,848.943,5,9/13/2016,10/24/2018,99,174.5,3,2,1,321,About to Sleep
Cari Schnelling,CS-11860,4356.8655,6,5/27/2015,10/15/2018,108,189,3,2,4,324,Customers Needing Attention
Carl Jackson,CJ-11875,760.032,6,5/18/2016,1/16/2018,380,58,1,2,1,121,Lost
Carl Ludwig,CL-11890,2709.561,6,6/7/2015,12/18/2018,44,440,5,2,2,522,Promising
Carl Weiss,CW-11905,7409.511,8,8/3/2016,12/23/2018,39,146,5,4,5,545,Champions
Carlos Daly,CD-11920,7412.154,9,12/21/2015,12/29/2018,33,195,5,5,5,555,Champions
Carlos Meador,CM-11935,2261.202,6,4/24/2017,10/18/2018,105,191,3,2,2,322,Hibernating
Carlos Soltero,CS-11950,3883.32,7,1/11/2016,11/16/2018,76,347.5,4,3,3,433,Potential Loyalist
Carol Adams,CA-11965,4077.108,9,12/22/2015,11/17/2018,75,114,4,5,4,454,Champions
Carol Darley,CD-11980,3429.255,7,3/23/2015,12/30/2018,32,347.5,5,3,3,533,Potential Loyalist
Carol Triggs,CT-11995,3599.136,9,4/30/2015,6/16/2018,229,151,2,5,3,253,At Risk
Caroline Jumper,CJ-12010,1282.9185,6,8/25/2015,11/28/2018,64,470,4,2,1,421,Recent Customers
Cassandra Brandow,CB-12025,1474.158,5,9/29/2015,9/25/2018,128,306,3,2,1,321,About to Sleep
Catherine Glotzbach,CG-12040,373.23,2,12/22/2015,12/13/2017,414,722,1,1,1,111,Lost
Cathy Armstrong,CA-12055,4017.489,7,6/15/2016,8/27/2018,157,268,2,3,4,234,At Risk
Cathy Hwang,CH-12070,6312.624,9,9/16/2015,8/12/2018,172,88,2,5,5,255,At Risk
Cathy Prescott,CP-12085,1632.963,5,4/24/2016,10/23/2018,100,248.5,3,2,2,322,Hibernating
Chad Cunningham,CC-12100,4417.077,7,11/16/2015,8/6/2018,178,117,2,3,4,234,At Risk
Chad McGuire,CM-12115,3736.68,4,2/10/2015,9/20/2017,498,412,1,1,3,113,Can’t Lose Them
Chad Sievert,CS-12130,3530.262,4,6/23/2015,9/17/2017,501,297,1,1,3,113,Can’t Lose Them
Charles Crestani,CC-12145,4945.008,7,2/12/2016,4/24/2018,282,193.5,1,3,4,134,At Risk
Charles McCrossin,CM-12160,2666.949,7,5/22/2017,4/8/2018,298,103,1,3,2,132,Hibernating
Charles Sheldon,CS-12175,1747.05,4,12/24/2015,9/6/2018,147,374,3,1,2,312,About to Sleep
Charlotte Melton,CM-12190,5983.542,6,12/28/2015,3/31/2018,306,432,1,2,5,125,At Risk
Chloris Kastensmidt,CK-12205,4775.292,7,9/21/2015,11/17/2018,75,296.5,4,3,4,434,Customers Needing Attention
Chris Cortes,CC-12220,1995.354,7,8/24/2015,9/23/2018,130,301,3,3,2,332,Hibernating
Chris McAfee,CM-12235,2005.938,6,3/2/2015,11/19/2018,73,110,4,2,2,422,Recent Customers
Chris Selesnick,CS-12250,5663.8335,8,3/31/2015,12/5/2018,57,238,4,4,5,445,Champions
Christina Anderson,CA-12265,9234.6225,6,9/28/2015,11/10/2018,82,328,4,2,5,425,Promising
Christina DeMoss,CD-12280,3184.617,6,3/30/2016,11/20/2018,72,222,4,2,3,423,Potential Loyalist
Christina VanderZanden,CV-12295,668.34,4,3/13/2017,10/20/2018,103,251,3,1,1,311,Recent Customers
Christine Abelman,CA-12310,2734.629,7,1/31/2016,12/17/2018,45,450.5,5,3,3,533,Potential Loyalist
Christine Kargatis,CK-12325,1353.312,6,8/10/2015,9/27/2018,126,319,3,2,1,321,About to Sleep
Christine Phan,CP-12340,2536.14,7,1/24/2015,12/23/2018,39,265,5,3,2,532,Potential Loyalist
Christine Sundaresam,CS-12355,567.894,4,12/4/2017,8/26/2018,158,181,2,1,1,211,Hibernating
Christopher Conant,CC-12370,5453.61,9,12/25/2015,10/13/2018,110,175,3,5,4,354,Loyal Customers
Christopher Martinez,CM-12385,974.79,4,2/22/2015,12/30/2017,397,826,1,1,1,111,Lost
Christopher Schild,CS-12400,1411.746,5,4/11/2017,12/4/2018,58,119.5,4,2,1,421,Recent Customers
Christy Brittain,CB-12415,5680.128,6,7/5/2015,9/27/2017,491,467,1,2,5,125,At Risk
Chuck Clark,CC-12430,57.12,1,2/24/2017,2/24/2017,706,0,1,1,1,111,Lost
Chuck Magee,CM-12445,4320.8775,5,4/12/2016,10/8/2018,115,173.5,3,2,4,324,Customers Needing Attention
Chuck Sachs,CS-12460,6208.545,7,4/5/2016,12/25/2018,37,186.5,5,3,5,535,Customers Needing Attention
Cindy Chapman,CC-12475,2706.006,5,2/12/2017,6/23/2018,222,183.5,2,2,2,222,Hibernating
Cindy Schnelling,CS-12490,1505.61,8,4/10/2015,12/29/2018,33,341,5,4,1,541,Potential Loyalist
Cindy Stewart,CS-12505,502.479,1,9/27/2016,9/27/2016,856,0,1,1,1,111,Lost
Claire Gute,CG-12520,3538.845,6,7/7/2015,11/11/2018,81,219,4,2,3,423,Potential Loyalist
Claudia Bergmann,CB-12535,7378.7745,8,1/22/2015,11/17/2018,75,186,4,4,5,445,Champions
Clay Cheatham,CC-12550,1685.6595,8,5/11/2015,6/21/2018,224,349,2,4,2,242,At Risk
Clay Ludtke,CL-12565,3425.865,9,2/9/2015,12/26/2018,36,436,5,5,3,553,Potential Loyalist
Clay Rozendal,CR-12580,2142.87,5,2/26/2017,7/30/2018,185,161.5,2,2,2,222,Hibernating
Clytie Kelty,CK-12595,4946.2395,8,7/30/2015,8/24/2018,160,396,2,4,4,244,At Risk
Corey Catlett,CC-12610,6493.668,8,7/30/2015,10/23/2018,100,322,3,4,5,345,Loyal Customers
Corey Roper,CR-12625,1164.252,6,8/10/2015,6/18/2018,227,855,2,2,1,221,About to Sleep
Corey-Lock,Co-12640,1559.883,6,8/28/2015,12/12/2018,50,98,5,2,2,522,Promising
Corinna Mitchell,CM-12655,4739.2065,2,11/7/2015,2/7/2018,358,823,1,1,4,114,Can’t Lose Them
Craig Carreira,CC-12670,1383.537,4,10/19/2015,12/15/2018,47,335,5,1,1,511,Recent Customers
Craig Carroll,CC-12685,4747.965,7,9/19/2015,4/10/2018,296,325.5,1,3,4,134,At Risk
Craig Leslie,CL-12700,2900.565,8,1/15/2015,11/21/2018,71,388,4,4,3,443,Customers Needing Attention
Craig Molinari,CM-12715,1243.7775,6,6/14/2016,11/20/2018,72,45,4,2,1,421,Recent Customers
Craig Reiter,CR-12730,1625.061,3,11/29/2016,12/9/2018,53,370,5,1,2,512,Recent Customers
Craig Yedwab,CY-12745,3641.7045,8,8/31/2016,9/3/2018,150,74,2,4,3,243,At Risk
Cyma Kinney,CK-12760,2292.849,6,5/19/2016,11/4/2018,88,84,3,2,2,322,Hibernating
Cynthia Arntzen,CA-12775,2180.73,6,12/28/2016,9/29/2018,124,231,3,2,2,322,Hibernating
Cynthia Delaney,CD-12790,10119.5145,13,9/10/2015,8/13/2018,171,123,2,5,5,255,At Risk
Cynthia Voltz,CV-12805,3926.061,5,6/23/2015,11/27/2018,65,45,4,2,4,424,Promising
Cyra Reiten,CR-12820,1284.498,8,3/28/2016,11/1/2018,91,259,3,4,1,341,Potential Loyalist
Damala Kotsonis,DK-12835,4961.46,5,1/13/2017,7/7/2018,208,166,2,2,4,224,At Risk
Dan Campbell,DC-12850,1338.45,3,8/4/2015,10/21/2018,102,680.5,3,1,1,311,Recent Customers
Dan Lawera,DL-12865,3022.308,10,4/21/2015,9/4/2018,149,237,3,5,3,353,Potential Loyalist
Dan Reichenbach,DR-12880,1893.552,7,4/19/2015,6/18/2018,227,142,2,3,2,232,Hibernating
Dana Kaydos,DK-12895,2532.633,5,5/18/2015,11/4/2018,88,358.5,3,2,2,322,Hibernating
Daniel Byrd,DB-12910,5771.586,5,9/2/2015,8/7/2018,177,292.5,2,2,5,225,At Risk
Daniel Lacy,DL-12925,116.73,1,2/18/2015,2/18/2015,1443,0,1,1,1,111,Lost
Daniel Raglin,DR-12940,4651.6095,7,6/29/2015,12/4/2018,58,148,4,3,4,434,Customers Needing Attention
Dario Medina,DM-12955,3888.786,9,7/12/2015,11/21/2018,71,314,4,5,3,453,Potential Loyalist
Darren Budd,DB-12970,5519.169,4,3/15/2015,10/16/2016,837,104,1,1,4,114,Can’t Lose Them
Darren Koutras,DK-12985,2820.858,9,1/20/2015,11/24/2018,68,403,4,5,3,453,Potential Loyalist
Darren Powers,DP-13000,6304.872,10,1/8/2015,10/3/2018,120,291,3,5,5,355,Loyal Customers
Darrin Martin,DM-13015,2930.634,10,3/22/2015,12/26/2018,36,183,5,5,3,553,Potential Loyalist
Darrin Sayre,DS-13030,2081.142,6,10/14/2015,3/29/2018,308,475,1,2,2,122,Hibernating
Darrin Van Huff,DV-13045,2211.042,6,5/12/2016,9/26/2018,127,262,3,2,2,322,Hibernating
Dave Brooks,DB-13060,7872.363,8,9/21/2015,10/16/2017,472,274,1,4,5,145,At Risk
Dave Hallsten,DH-13075,2386.3605,5,12/3/2015,9/11/2018,142,314.5,3,2,2,322,Hibernating
Dave Kipp,DK-13090,5427.984,6,11/28/2017,12/7/2018,55,91,4,2,4,424,Promising
Dave Poirier,DP-13105,926.838,2,1/7/2015,8/21/2018,163,1322,2,1,1,211,Hibernating
David Bremer,DB-13120,1951.8105,4,8/23/2016,12/26/2018,36,738,5,1,2,512,Recent Customers
David Flashing,DF-13135,3288.708,4,11/2/2015,11/15/2018,77,656,4,1,3,413,Promising
David Kendrick,DK-13150,5971.119,6,4/23/2016,7/17/2018,198,201,2,2,5,225,At Risk
David Philippe,DP-13165,7443.411,9,3/4/2015,11/5/2018,87,138.5,3,5,5,355,Loyal Customers
David Smith,DS-13180,1631.604,5,7/12/2016,9/4/2018,149,215.5,3,2,2,322,Hibernating
David Wiener,DW-13195,754.998,3,8/20/2018,12/4/2018,58,53.5,4,1,1,411,Recent Customers
Dean Braden,DB-13210,6544.737,5,6/7/2015,12/24/2018,38,149,5,2,5,525,Promising
Dean Katz,DK-13225,1818.78,6,11/11/2015,12/5/2018,57,172,4,2,2,422,Recent Customers
Dean percer,Dp-13240,980.94,2,9/20/2015,10/2/2018,121,1108,3,1,1,311,Recent Customers
Deanra Eno,DE-13255,1270.365,4,1/5/2016,12/3/2018,59,529,4,1,1,411,Recent Customers
Deborah Brumfield,DB-13270,4532.6625,6,3/24/2015,12/22/2018,40,318,5,2,4,524,Promising
Debra Catini,DC-13285,7307.4675,5,6/23/2015,9/3/2018,150,277,2,2,5,225,At Risk
Deirdre Greer,DG-13300,2482.2,6,9/25/2016,8/26/2018,158,269,2,2,2,222,Hibernating
Delfina Latchford,DL-13315,13192.7145,9,7/14/2015,12/13/2018,49,291.5,5,5,5,555,Champions
Denise Leinenbach,DL-13330,4515.465,9,4/21/2015,6/10/2018,235,203.5,2,5,4,254,At Risk
Denise Monton,DM-13345,4806.387,8,8/25/2015,12/29/2018,33,373,5,4,4,544,Champions
Dennis Bolton,DB-13360,1497.168,8,1/31/2016,5/7/2018,269,208,1,4,1,141,Lost
Dennis Kane,DK-13375,3069.525,5,12/27/2015,11/7/2018,85,500.5,4,2,3,423,Potential Loyalist
Dennis Pardue,DP-13390,1771.9305,6,5/19/2015,12/31/2018,31,187,5,2,2,522,Promising
Denny Blanton,DB-13405,2878.5315,7,11/29/2015,9/5/2017,513,256,1,3,3,133,At Risk
Denny Joy,DJ-13420,11159.442,11,5/5/2015,12/9/2018,53,274,5,5,5,555,Champions
Denny Ordway,DO-13435,2697.642,3,8/12/2015,3/19/2018,318,475,1,1,2,112,Lost
Dianna Arnett,DA-13450,2973.486,7,5/8/2015,7/24/2018,191,382.5,2,3,3,233,Hibernating
Dianna Vittorini,DV-13465,411.69,2,2/23/2016,11/18/2017,439,634,1,1,1,111,Lost
Dianna Wilson,DW-13480,3411.216,4,9/13/2015,6/30/2018,215,310,2,1,3,213,About to Sleep
Dionis Lloyd,DL-13495,5615.853,8,3/27/2016,12/9/2018,53,305,5,4,4,544,Champions
Don Jones,DJ-13510,4510.23,7,1/15/2015,7/18/2018,197,411,2,3,4,234,At Risk
Don Miller,DM-13525,3503.28,4,4/6/2016,11/3/2018,89,336,3,1,3,313,Promising
Don Weiss,DW-13540,5296.419,5,12/17/2015,11/28/2018,64,212,4,2,4,424,Promising
Dorothy Badders,DB-13555,1202.937,2,2/28/2018,10/20/2018,103,234,3,1,1,311,Recent Customers
Dorothy Dickinson,DD-13570,6898.965,10,1/3/2015,8/9/2018,175,90,2,5,5,255,At Risk
Dorothy Wardle,DW-13585,1488.66,8,9/30/2016,12/19/2018,43,53,5,4,1,541,Potential Loyalist
Dorris liebe,Dl-13600,2974.221,6,3/17/2015,7/24/2018,191,457,2,2,3,223,Hibernating
Doug Bickford,DB-13615,3873.897,9,7/19/2015,6/2/2017,608,124.5,1,5,3,153,At Risk
Doug Jacobs,DJ-13630,2731.107,9,9/16/2015,11/7/2017,450,149,1,5,3,153,At Risk
Doug O'Connell,DO-13645,2329.509,6,8/28/2015,9/16/2018,137,217,3,2,2,322,Hibernating
Duane Benoit,DB-13660,3961.284,4,9/16/2015,11/25/2017,432,312,1,1,4,114,Can’t Lose Them
Duane Huffman,DH-13675,2518.932,3,11/15/2017,12/10/2018,52,195,5,1,2,512,Recent Customers
Duane Noonan,DN-13690,3019.221,5,12/6/2015,11/20/2018,72,185.5,4,2,3,423,Potential Loyalist
Ed Braxton,EB-13705,3125.49,6,2/2/2015,1/22/2017,739,93,1,2,3,123,Hibernating
Ed Jacobs,EJ-13720,535.8,4,3/22/2015,7/2/2018,213,896,2,1,1,211,Hibernating
Ed Ludwig,EL-13735,3520.338,6,3/2/2015,8/8/2018,176,172,2,2,3,223,Hibernating
Edward Becker,EB-13750,2024.817,5,2/8/2015,11/29/2018,63,810.5,4,2,2,422,Recent Customers
Edward Hooks,EH-13765,3775.416,5,1/17/2015,7/11/2018,204,825,2,2,3,223,Hibernating
Edward Nazzal,EN-13780,1956.408,5,3/19/2015,8/9/2018,175,307,2,2,2,222,Hibernating
Eileen Kiefer,EK-13795,2758.296,5,8/6/2016,9/30/2018,123,482,3,2,3,323,Potential Loyalist
Eleni McCrary,EM-13810,1465.581,5,8/27/2015,10/14/2018,109,349.5,3,2,1,321,About to Sleep
Elizabeth Moffitt,EM-13825,4427.295,6,9/13/2016,3/24/2018,313,272,1,2,4,124,At Risk
Ellis Ballard,EB-13840,9895.77,10,2/2/2015,12/29/2018,33,211,5,5,5,555,Champions
Elpida Rittenbach,ER-13855,7927.416,4,9/9/2015,10/23/2018,100,238,3,1,5,315,Promising
Emily Burns,EB-13870,1071.024,4,10/16/2016,12/14/2018,48,344,5,1,1,511,Recent Customers
Emily Ducich,ED-13885,3080.622,8,6/8/2015,12/16/2018,46,143,5,4,3,543,Loyal Customers
Emily Grady,EG-13900,6882.543,7,1/6/2016,8/12/2018,172,175.5,2,3,5,235,At Risk
Emily Phan,EP-13915,2290.059,5,8/1/2015,9/17/2018,136,277.5,3,2,2,322,Hibernating
Eric Barreto,EB-13930,4726.869,3,8/2/2016,10/17/2018,106,403,3,1,4,314,Promising
Eric Hoffmann,EH-13945,3264.978,4,12/21/2016,6/24/2018,221,211,2,1,3,213,About to Sleep
Eric Murdock,EM-13960,5760.45,10,1/11/2015,12/15/2018,47,281,5,5,5,555,Champions
Erica Bern,EB-13975,4894.836,6,5/12/2016,8/11/2018,173,194,2,2,4,224,At Risk
Erica Hackney,EH-13990,978.891,4,3/29/2015,9/20/2018,133,533,3,1,1,311,Recent Customers
Erica Hernandez,EH-14005,4728.213,4,6/7/2015,12/17/2018,45,363,5,1,4,514,Promising
Erica Smith,ES-14020,4998.6105,11,7/14/2015,12/31/2018,31,280,5,5,4,554,Champions
Erin Ashbrook,EA-14035,1336.218,3,2/2/2017,6/1/2017,609,60,1,1,1,111,Lost
Erin Creighton,EC-14050,230.4,3,12/30/2015,5/2/2018,274,427,1,1,1,111,Lost
Erin Mull,EM-14065,5518.002,2,5/16/2017,7/5/2018,210,415,2,1,4,214,Can’t Lose Them
Erin Smith,ES-14080,2034.963,5,4/1/2016,6/27/2018,218,235,2,2,2,222,Hibernating
Eudokia Martin,EM-14095,5337.492,6,7/28/2015,3/17/2018,320,583,1,2,4,124,At Risk
Eugene Barchas,EB-14110,6521.262,10,3/15/2015,11/8/2018,84,114,4,5,5,455,Champions
Eugene Hildebrand,EH-14125,7493.9925,8,5/14/2015,8/29/2018,155,172,2,4,5,245,At Risk
Eugene Moren,EM-14140,741.273,6,1/1/2015,10/29/2017,459,318,1,2,1,121,Lost
Eva Jacobs,EJ-14155,2313.729,6,6/8/2015,11/13/2018,79,438,4,2,2,422,Recent Customers
Evan Bailliet,EB-14170,419.13,1,1/8/2018,1/8/2018,388,0,1,1,1,111,Lost
Evan Henry,EH-14185,3743.589,6,2/2/2015,5/22/2018,254,426,2,2,3,223,Hibernating
Evan Minnotte,EM-14200,3557.37,5,5/5/2015,10/6/2018,117,282.5,3,2,3,323,Potential Loyalist
Filia McAdams,FM-14215,5512.557,7,1/25/2015,9/24/2018,129,240,3,3,4,334,Customers Needing Attention
Frank Atkinson,FA-14230,7076.8455,12,3/7/2016,8/7/2018,177,171,2,5,5,255,At Risk
Frank Carlisle,FC-14245,752.07,4,8/16/2015,9/26/2017,492,233,1,1,1,111,Lost
Frank Gastineau,FG-14260,2518.1955,4,6/25/2017,10/1/2018,122,233,3,1,2,312,About to Sleep
Frank Hawley,FH-14275,2971.452,6,3/20/2016,9/19/2018,134,47,3,2,3,323,Potential Loyalist
Frank Merwin,FM-14290,1406.787,3,8/4/2016,10/31/2016,822,50.5,1,1,1,111,Lost
Frank Olsen,FO-14305,7366.317,13,1/25/2015,12/4/2018,58,226,4,5,5,455,Champions
Frank Preis,FP-14320,1172.037,5,6/2/2016,6/4/2018,241,223,2,2,1,221,About to Sleep
Fred Chung,FC-14335,912.4125,4,8/24/2015,6/30/2018,215,292,2,1,1,211,Hibernating
Fred Harton,FH-14350,4000.2795,8,9/17/2015,12/30/2018,32,195,5,4,4,544,Champions
Fred Hopkins,FH-14365,4471.6365,8,9/2/2015,12/30/2018,32,203,5,4,4,544,Champions
Fred McMath,FM-14380,977.976,4,8/12/2016,8/29/2017,520,138,1,1,1,111,Lost
Fred Wasserman,FW-14395,2878.365,5,1/30/2017,3/6/2018,331,129.5,1,2,3,123,Hibernating
Gary Hansen,GH-14410,6755.5485,13,8/19/2015,12/11/2018,51,180,5,5,5,555,Champions
Gary Hwang,GH-14425,6291.6735,11,6/9/2015,12/12/2018,50,200,5,5,5,555,Champions
Gary McGarr,GM-14440,2402.073,6,12/27/2015,12/12/2018,50,310,5,2,2,522,Promising
Gary Mitchum,GM-14455,2031.201,3,9/20/2017,12/31/2017,396,70.5,1,1,2,112,Lost
Gary Zandusky,GZ-14470,8433.9495,8,2/15/2015,12/24/2018,38,345,5,4,5,545,Champions
Gene Hale,GH-14485,7374.438,9,2/1/2015,11/10/2018,82,299,4,5,5,455,Champions
Gene McClure,GM-14500,285.81,3,4/25/2016,8/14/2017,535,270.5,1,1,1,111,Lost
George Ashbrook,GA-14515,2146.227,6,8/4/2015,12/9/2018,53,779,5,2,2,522,Promising
George Bell,GB-14530,1204.374,3,2/7/2015,4/25/2018,281,586.5,1,1,1,111,Lost
George Zrebassa,GZ-14545,3042.255,5,1/19/2016,8/13/2018,171,366,2,2,3,223,Hibernating
Georgia Rosenberg,GR-14560,2996.373,6,1/8/2016,11/12/2018,80,584,4,2,3,423,Potential Loyalist
Giulietta Baptist,GB-14575,1786.257,7,12/28/2015,10/7/2018,116,237,3,3,2,332,Hibernating
Giulietta Dortch,GD-14590,5870.7885,9,2/23/2015,1/22/2018,374,54,1,5,5,155,Can’t Lose Them
Giulietta Weimer,GW-14605,3744.8655,6,3/12/2017,12/13/2018,49,255,5,2,3,523,Promising
Grace Kelly,GK-14620,3308.847,5,6/5/2015,10/13/2018,110,296,3,2,3,323,Potential Loyalist
Grant Thornton,GT-14635,3599.07,8,1/4/2015,10/27/2018,96,429,3,4,3,343,Customers Needing Attention
Greg Guthrie,GG-14650,7619.664,10,1/10/2015,11/28/2018,64,248,4,5,5,455,Champions
Greg Hansen,GH-14665,4429.452,8,6/19/2016,12/26/2018,36,191,5,4,4,544,Champions
Greg Matthias,GM-14680,3114.546,5,1/13/2015,12/24/2018,38,500,5,2,3,523,Promising
Greg Maxwell,GM-14695,4693.041,5,4/30/2015,6/18/2018,227,128,2,2,4,224,At Risk
Greg Tran,GT-14710,11429.508,6,10/18/2015,10/23/2018,100,416,3,2,5,325,Customers Needing Attention
Guy Armstrong,GA-14725,2143.404,3,6/5/2016,10/13/2018,110,430,3,1,2,312,About to Sleep
Guy Phonely,GP-14740,3410.049,9,6/10/2015,12/23/2018,39,408,5,5,3,553,Potential Loyalist
Guy Thornton,GT-14755,2625.582,8,8/12/2015,10/24/2018,99,382,3,4,2,342,Potential Loyalist
Hallie Redmond,HR-14770,3551.742,5,2/9/2015,10/13/2018,110,760.5,3,2,3,323,Potential Loyalist
Harold Dahlen,HD-14785,3591.183,6,6/10/2015,9/24/2018,129,233,3,2,3,323,Potential Loyalist
Harold Engle,HE-14800,2873.82,6,6/14/2015,12/19/2018,43,302,5,2,3,523,Promising
Harold Pawlan,HP-14815,1755.1695,5,3/26/2015,6/18/2017,592,310,1,2,2,122,Hibernating
Harold Ryan,HR-14830,1332.39,4,8/11/2017,11/10/2018,82,151,4,1,1,411,Recent Customers
Harry Greene,HG-14845,10466.7645,6,12/22/2015,11/19/2018,73,550,4,2,5,425,Promising
Harry Marie,HM-14860,9938.355,11,11/27/2015,12/30/2018,32,185,5,5,5,555,Champions
Heather Jas,HJ-14875,4962.8175,10,4/30/2015,12/26/2018,36,335,5,5,4,554,Champions
Heather Kirkland,HK-14890,4281.5805,8,3/13/2015,8/27/2018,157,469,2,4,4,244,At Risk
Helen Abelman,HA-14905,3338.13,5,8/12/2017,9/17/2018,136,277.5,3,2,3,323,Potential Loyalist
Helen Andreada,HA-14920,1371.069,6,2/14/2015,8/2/2018,182,336,2,2,1,221,About to Sleep
Helen Wasserman,HW-14935,4145.835,6,10/25/2015,11/27/2018,65,344,4,2,4,424,Promising
Henia Zydlo,HZ-14950,3084.7635,6,4/14/2016,11/25/2018,67,235,4,2,3,423,Potential Loyalist
Henry Goldwyn,HG-14965,1695.336,5,9/6/2016,3/27/2018,310,121.5,1,2,2,122,Hibernating
Henry MacAllister,HM-14980,5605.266,9,1/17/2016,11/21/2018,71,257.5,4,5,4,454,Champions
Herbert Flentye,HF-14995,3496.509,8,1/28/2015,10/9/2018,114,429,3,4,3,343,Customers Needing Attention
Hilary Holden,HH-15010,4155.6195,6,7/8/2015,11/7/2018,85,158,4,2,4,424,Promising
Hunter Glantz,HG-15025,2326.119,6,1/26/2015,1/22/2018,374,181,1,2,2,122,Hibernating
Hunter Lopez,HL-15040,2071.65,4,5/7/2015,6/11/2018,234,457,2,1,2,212,Hibernating
Ionia McGrath,IM-15055,1355.664,7,2/1/2015,12/16/2018,46,296,5,3,1,531,Potential Loyalist
Irene Maddox,IM-15070,7327.251,9,1/19/2017,11/21/2018,71,134.5,4,5,5,455,Champions
Ivan Gibson,IG-15085,2898.525,8,6/20/2016,9/16/2018,137,223,3,4,3,343,Customers Needing Attention
Ivan Liston,IL-15100,1331.997,6,11/9/2015,9/6/2018,147,158,3,2,1,321,About to Sleep
Jack Garza,JG-15115,5396.241,5,6/18/2015,11/9/2017,448,679,1,2,4,124,At Risk
Jack Lebron,JL-15130,7903.263,8,6/3/2015,12/10/2018,52,119,5,4,5,545,Champions
Jack O'Briant,JO-15145,4023.528,7,6/14/2015,3/31/2018,306,326.5,1,3,4,134,At Risk
James Galang,JG-15160,9340.236,5,6/9/2016,12/2/2018,60,158,4,2,5,425,Promising
James Lanier,JL-15175,3893.142,6,1/14/2016,6/27/2018,218,661,2,2,4,224,At Risk
Jamie Frazer,JF-15190,2663.847,7,3/27/2015,5/1/2017,640,112,1,3,2,132,Hibernating
Jamie Kunitz,JK-15205,2905.671,6,9/1/2016,7/14/2018,201,97,2,2,3,223,Hibernating
Jane Waco,JW-15220,6619.695,12,3/13/2017,12/17/2018,45,201,5,5,5,555,Champions
Janet Lee,JL-15235,4912.539,7,3/10/2015,12/18/2018,44,210,5,3,4,534,Customers Needing Attention
Janet Martin,JM-15250,3565.878,4,8/12/2015,11/20/2018,72,389,4,1,3,413,Promising
Janet Molinari,JM-15265,1095.21,6,6/18/2015,12/12/2017,415,193,1,2,1,121,Lost
Jas O'Carroll,JO-15280,885.96,1,11/26/2017,11/26/2017,431,0,1,1,1,111,Lost
Jason Fortune-,JF-15295,7907.22,8,8/9/2015,11/5/2018,87,293,3,4,5,345,Loyal Customers
Jason Gross,JG-15310,3327.846,5,7/9/2015,10/13/2018,110,294.5,3,2,3,323,Potential Loyalist
Jason Klamczynski,JK-15325,2375.325,5,10/26/2015,6/24/2018,221,699.5,2,2,2,222,Hibernating
Jasper Cacioppo,JC-15340,8332.653,11,3/2/2016,11/27/2018,65,142,4,5,5,455,Champions
Jay Fein,JF-15355,3946.221,8,5/3/2015,12/18/2018,44,552,5,4,4,544,Champions
Jay Kimmel,JK-15370,1778.151,8,8/11/2016,12/30/2018,32,253,5,4,2,542,Potential Loyalist
Jenna Caffey,JC-15385,6237.33,8,2/21/2016,11/7/2018,85,93,4,4,5,445,Champions
Jennifer Braxton,JB-15400,8395.6575,13,1/19/2016,11/18/2018,74,141.5,4,5,5,455,Champions
Jennifer Ferguson,JF-15415,6487.578,6,8/24/2016,12/4/2018,58,210,4,2,5,425,Promising
Jennifer Halladay,JH-15430,1851.9975,5,8/7/2016,11/4/2018,88,372.5,3,2,2,322,Hibernating
Jennifer Jackson,JJ-15445,2926.371,5,9/3/2015,9/26/2018,127,385,3,2,3,323,Potential Loyalist
Jennifer Patt,JP-15460,3162.009,7,2/10/2015,2/24/2018,341,157,1,3,3,133,At Risk
Jeremy Ellison,JE-15475,1172.226,6,6/17/2015,11/26/2018,66,462,4,2,1,421,Recent Customers
Jeremy Farry,JF-15490,2760.2265,5,3/2/2015,12/27/2018,35,410,5,2,3,523,Promising
Jeremy Lonsdale,JL-15505,476.415,5,8/19/2015,12/1/2018,61,514,4,2,1,421,Recent Customers
Jeremy Pistek,JP-15520,4867.284,7,8/13/2015,6/9/2018,236,229.5,2,3,4,234,At Risk
Jessica Myrick,JM-15535,1201.44,5,2/19/2017,12/17/2018,45,308,5,2,1,521,Promising
Jesus Ocampo,JO-15550,755.976,4,8/10/2015,8/21/2018,163,76,2,1,1,211,Hibernating
Jill Fjeld,JF-15565,8700.717,12,6/17/2015,9/17/2018,136,224,3,5,5,355,Loyal Customers
Jill Matthias,JM-15580,2106.273,5,2/2/2015,8/21/2018,163,394.5,2,2,2,222,Hibernating
Jill Stevenson,JS-15595,1098.732,6,1/27/2017,11/14/2018,78,132,4,2,1,421,Recent Customers
Jim Epp,JE-15610,750.288,3,11/14/2015,12/24/2017,403,385.5,1,1,1,111,Lost
Jim Karlsson,JK-15625,696.54,4,9/4/2016,2/16/2018,349,98,1,1,1,111,Lost
Jim Kriz,JK-15640,4357.455,5,10/11/2015,12/31/2018,31,75.5,5,2,4,524,Promising
Jim Mitchum,JM-15655,6472.734,8,5/1/2017,7/26/2018,189,155,2,4,5,245,At Risk
Jim Radford,JR-15670,3510.243,8,11/27/2015,12/19/2018,43,252,5,4,3,543,Loyal Customers
Jim Sink,JS-15685,1745.901,7,6/8/2015,6/22/2018,223,257,2,3,2,232,Hibernating
Jocasta Rupert,JR-15700,1537.698,3,6/1/2015,12/24/2018,38,1240.5,5,1,2,512,Recent Customers
Joe Elijah,JE-15715,3164.367,10,11/22/2015,11/7/2018,85,272,4,5,3,453,Potential Loyalist
Joe Kamberova,JK-15730,5636.616,7,8/15/2016,6/5/2018,240,272.5,2,3,4,234,At Risk
Joel Eaton,JE-15745,2614.056,7,1/11/2016,11/29/2018,63,101.5,4,3,2,432,Potential Loyalist
Joel Jenkins,JJ-15760,8604.948,13,10/5/2015,12/29/2018,33,240,5,5,5,555,Champions
John Castell,JC-15775,3183.189,8,9/17/2015,12/30/2018,32,465,5,4,3,543,Loyal Customers
John Dryer,JD-15790,1407.57,3,12/30/2015,4/16/2017,655,294.5,1,1,1,111,Lost
John Grady,JG-15805,7844.22,15,9/17/2016,12/31/2018,31,175,5,5,5,555,Champions
John Huston,JH-15820,11727.2925,9,4/15/2015,9/12/2018,141,201,3,5,5,355,Loyal Customers
John Lee,JL-15835,2940.348,5,8/15/2016,12/11/2017,416,211.5,1,2,3,123,Hibernating
John Lucas,JL-15850,1942.452,6,8/17/2016,8/14/2018,170,208,2,2,2,222,Hibernating
John Murray,JM-15865,6584.2785,11,12/14/2015,6/23/2018,222,186,2,5,5,255,At Risk
John Stevenson,JS-15880,2371.422,6,6/12/2016,12/20/2018,42,134,5,2,2,522,Promising
Jonathan Doherty,JD-15895,3959.265,5,9/24/2015,12/25/2018,37,560.5,5,2,4,524,Promising
Jonathan Howell,JH-15910,1697.958,8,9/9/2015,11/13/2018,79,217,4,4,2,442,Potential Loyalist
Joni Blumstein,JB-15925,3542.307,3,9/17/2015,5/30/2017,611,310.5,1,1,3,113,Can’t Lose Them
Joni Sundaresam,JS-15940,2141.721,5,1/24/2015,12/26/2018,36,527,5,2,2,522,Promising
Joni Wasserman,JW-15955,4085.253,8,3/2/2016,8/29/2018,155,63,2,4,4,244,At Risk
Joseph Airdo,JA-15970,5014.992,8,6/22/2015,7/22/2018,193,290,2,4,4,244,At Risk
Joseph Holt,JH-15985,2650.701,6,6/21/2015,12/20/2018,42,413,5,2,2,522,Promising
Joy Bell-,JB-16000,9688.29,10,5/29/2015,9/26/2018,127,187,3,5,5,355,Loyal Customers
Joy Daniels,JD-16015,931.32,6,6/19/2015,11/5/2018,87,159,3,2,1,321,About to Sleep
Joy Smith,JS-16030,1146.183,7,1/7/2015,8/13/2018,171,570.5,2,3,1,231,Hibernating
Julia Barnett,JB-16045,2395.056,6,10/9/2015,2/7/2017,723,169,1,2,2,122,Hibernating
Julia Dunbar,JD-16060,3014.319,7,2/22/2015,10/23/2018,100,530,3,3,3,333,Potential Loyalist
Julia West,JW-16075,8111.4015,7,4/12/2015,9/6/2018,147,131,3,3,5,335,Loyal Customers
Juliana Krohn,JK-16090,3512.457,11,6/19/2015,12/23/2018,39,229.5,5,5,3,553,Potential Loyalist
Julie Creighton,JC-16105,6353.304,10,2/24/2015,9/19/2018,134,343,3,5,5,355,Loyal Customers
Julie Kriz,JK-16120,893.16,5,12/16/2015,9/25/2018,128,274,3,2,1,321,About to Sleep
Julie Prescott,JP-16135,2948.973,10,6/29/2015,6/23/2018,222,152,2,5,3,253,At Risk
Justin Deggeller,JD-16150,3073.221,6,8/17/2016,9/3/2017,515,187,1,2,3,123,Hibernating
Justin Ellison,JE-16165,2278.083,6,2/11/2016,12/13/2017,414,162,1,2,2,122,Hibernating
Justin Hirsh,JH-16180,8369.01,12,3/30/2015,4/14/2018,292,122,1,5,5,155,Can’t Lose Them
Justin MacKendrick,JM-16195,336.525,4,12/2/2015,10/22/2017,466,232,1,1,1,111,Lost
Justin Ritter,JR-16210,1886.19,7,5/9/2016,12/13/2018,49,301,5,3,2,532,Potential Loyalist
Kalyca Meade,KM-16225,203.82,2,12/20/2016,7/22/2018,193,579,2,1,1,211,Hibernating
Karen Bern,KB-16240,1157.565,8,5/13/2015,11/28/2018,64,448,4,4,1,441,Potential Loyalist
Karen Carlisle,KC-16255,1438.875,3,12/12/2017,11/17/2018,75,315.5,4,1,1,411,Recent Customers
Karen Daniels,KD-16270,3561.2805,7,9/21/2015,9/16/2018,137,257,3,3,3,333,Potential Loyalist
Karen Ferguson,KF-16285,1325.289,6,9/9/2017,11/24/2018,68,105,4,2,1,421,Recent Customers
Karen Seio,KS-16300,2052.792,7,8/10/2015,11/26/2018,66,319.5,4,3,2,432,Potential Loyalist
Karl Braun,KB-16315,3957.165,7,6/17/2015,10/24/2018,99,259.5,3,3,4,334,Customers Needing Attention
Katharine Harms,KH-16330,1544.61,4,1/26/2016,10/21/2017,467,303,1,1,2,112,Lost
Katherine Ducich,KD-16345,3656.982,4,12/13/2017,8/22/2018,162,77,2,1,3,213,About to Sleep
Katherine Hughes,KH-16360,864.822,4,1/8/2016,7/10/2018,205,748,2,1,1,211,Hibernating
Katherine Murray,KM-16375,6771.552,8,5/20/2015,9/12/2018,141,153,3,4,5,345,Loyal Customers
Katherine Nockton,KN-16390,7376.517,5,12/27/2015,8/4/2018,180,416,2,2,5,225,At Risk
Katrina Bavinger,KB-16405,5857.7595,6,1/26/2016,9/27/2018,126,152,3,2,5,325,Customers Needing Attention
Katrina Edelman,KE-16420,1983.948,4,8/19/2016,10/31/2017,457,251,1,1,2,112,Lost
Katrina Willman,KW-16435,7658.37,10,9/18/2015,4/7/2018,299,282,1,5,5,155,Can’t Lose Them
Kean Nguyen,KN-16450,1686.444,7,11/4/2015,9/22/2018,131,185.5,3,3,2,332,Hibernating
Kean Takahito,KT-16465,794.865,5,2/9/2017,11/18/2018,74,228.5,4,2,1,421,Recent Customers
Kean Thornton,KT-16480,158.01,3,7/25/2015,8/19/2018,165,937.5,2,1,1,211,Hibernating
Keith Dawkins,KD-16495,5901.3075,10,3/24/2016,11/6/2018,86,104,4,5,5,455,Champions
Keith Herrera,KH-16510,1406.019,7,6/30/2015,11/25/2018,67,245,4,3,1,431,Potential Loyalist
Kelly Andreada,KA-16525,7125.849,9,3/15/2015,12/15/2018,47,116.5,5,5,5,555,Champions
Kelly Collister,KC-16540,1722.906,6,6/5/2016,11/20/2018,72,469,4,2,2,422,Recent Customers
Kelly Lampkin,KL-16555,2772.3,7,1/13/2016,9/1/2018,152,281.5,2,3,3,233,Hibernating
Kelly Williams,KW-16570,1717.8225,6,5/16/2015,8/29/2018,155,380,2,2,2,222,Hibernating
Ken Black,KB-16585,4440.6885,5,6/28/2015,9/29/2018,124,372,3,2,4,324,Customers Needing Attention
Ken Brennan,KB-16600,596.73,4,5/6/2017,10/6/2018,117,138,3,1,1,311,Recent Customers
Ken Dana,KD-16615,6685.3755,7,10/21/2015,8/28/2018,156,179.5,2,3,5,235,At Risk
Ken Heidel,KH-16630,1433.7,8,2/2/2015,12/23/2018,39,214,5,4,1,541,Potential Loyalist
Ken Lonsdale,KL-16645,4556.559,7,2/2/2015,8/25/2018,159,176,2,3,4,234,At Risk
Khloe Miller,KM-16660,3060.153,7,8/4/2015,9/9/2018,144,123,3,3,3,333,Potential Loyalist
Kimberly Carter,KC-16675,7362.267,8,5/22/2016,9/23/2018,130,353,3,4,5,345,Loyal Customers
Kristen Hastings,KH-16690,4761.486,14,5/10/2015,9/20/2018,133,263,3,5,4,354,Loyal Customers
Kristina Nunn,KN-16705,547.968,3,8/24/2015,12/16/2015,1142,89,1,1,1,111,Lost
Kunst Miller,KM-16720,2367.51,5,11/29/2015,1/23/2018,373,195.5,1,2,2,122,Hibernating
Larry Blacks,LB-16735,1779.384,8,4/1/2015,12/22/2018,40,187,5,4,2,542,Potential Loyalist
Larry Hughes,LH-16750,841.26,2,9/25/2017,10/14/2017,474,19,1,1,1,111,Lost
Larry Tron,LT-16765,4891.9155,6,5/22/2016,8/15/2018,169,172,2,2,4,224,At Risk
Laura Armstrong,LA-16780,6677.181,9,12/22/2015,12/18/2018,44,182,5,5,5,555,Champions
Laurel Beltran,LB-16795,8612.877,6,10/29/2015,11/22/2018,70,427,4,2,5,425,Promising
Laurel Elliston,LE-16810,5937.78,8,4/20/2015,10/11/2018,112,242,3,4,5,345,Loyal Customers
Laurel Workman,LW-16825,5258.94,5,11/8/2016,12/9/2018,53,131.5,5,2,4,524,Promising
Lauren Leatherbury,LL-16840,4255.647,8,6/29/2015,6/3/2018,242,190,2,4,4,244,At Risk
Lela Donovan,LD-16855,8111.859,9,8/26/2015,9/18/2018,135,390.5,3,5,5,355,Loyal Customers
Lena Cacioppo,LC-16870,1392.84,3,6/14/2015,8/24/2017,525,401,1,1,1,111,Lost
Lena Creighton,LC-16885,1507.074,4,9/29/2015,3/17/2018,320,375,1,1,1,111,Lost
Lena Hernandez,LH-16900,689.67,4,7/20/2016,8/15/2018,169,190,2,1,1,211,Hibernating
Lena Radford,LR-16915,8428.509,8,8/7/2016,8/21/2018,163,45,2,4,5,245,At Risk
Linda Cazamias,LC-16930,2689.557,7,4/7/2015,11/12/2018,80,105.5,4,3,2,432,Potential Loyalist
Linda Southworth,LS-16945,1978.062,5,4/27/2015,12/4/2018,58,833,4,2,2,422,Recent Customers
Lindsay Castell,LC-16960,3477.114,8,5/10/2016,10/31/2018,92,251,3,4,3,343,Customers Needing Attention
Lindsay Shagiari,LS-16975,1121.61,3,6/18/2015,11/8/2018,84,800,4,1,1,411,Recent Customers
Lindsay Williams,LW-16990,4274.0265,7,9/15/2015,8/22/2018,162,345.5,2,3,4,234,At Risk
Lisa DeCherney,LD-17005,1954.611,8,6/25/2015,9/3/2018,150,318,2,4,2,242,At Risk
Lisa Hazard,LH-17020,1359.954,4,5/28/2015,6/5/2018,240,1010,2,1,1,211,Hibernating
Lisa Ryan,LR-17035,5990.151,7,12/4/2015,4/25/2018,281,306,1,3,5,135,At Risk
Liz Carlisle,LC-17050,4297.278,6,2/12/2016,12/27/2018,35,204,5,2,4,524,Promising
Liz MacKendrick,LM-17065,1686.825,2,8/19/2015,12/7/2017,420,841,1,1,2,112,Lost
Liz Pelletier,LP-17080,1127.826,7,2/8/2016,11/6/2018,86,300.5,4,3,1,431,Potential Loyalist
Liz Preis,LP-17095,1493.106,4,1/2/2017,1/3/2018,393,264,1,1,1,111,Lost
Liz Thompson,LT-17110,4197.918,7,6/2/2015,11/7/2018,85,205,4,3,4,434,Customers Needing Attention
Liz Willingham,LW-17125,2329.011,9,4/8/2015,11/6/2018,86,181,4,5,2,452,Potential Loyalist
Logan Currie,LC-17140,6101.142,8,8/23/2015,11/15/2018,77,134,4,4,5,445,Champions
Logan Haushalter,LH-17155,6577.491,4,12/14/2015,6/7/2017,603,352,1,1,5,115,Can’t Lose Them
Lori Olson,LO-17170,3468.825,10,2/2/2015,9/8/2018,145,177,3,5,3,353,Potential Loyalist
Luke Foster,LF-17185,4987.653,8,1/25/2016,11/28/2018,64,363,4,4,4,444,Loyal Customers
Luke Schmidt,LS-17200,3216.3375,3,9/10/2016,11/11/2017,446,264.5,1,1,3,113,Can’t Lose Them
Luke Weiss,LW-17215,404.58,4,3/9/2015,3/31/2018,306,405,1,1,1,111,Lost
Lycoris Saunders,LS-17230,2369.691,6,11/23/2015,6/4/2018,241,254,2,2,2,222,Hibernating
Lynn Smith,LS-17245,893.472,3,7/9/2017,2/1/2018,364,103.5,1,1,1,111,Lost
Magdelene Morse,MM-17260,1911.417,7,4/7/2015,9/12/2018,141,263,3,3,2,332,Hibernating
Marc Crier,MC-17275,2841.6555,9,6/11/2015,9/15/2018,138,312.5,3,5,3,353,Potential Loyalist
Marc Harrigan,MH-17290,2844.612,8,1/22/2015,11/24/2018,68,206,4,4,3,443,Customers Needing Attention
Maria Bertelson,MB-17305,5085.633,10,7/6/2016,12/30/2018,32,177,5,5,4,554,Champions
Maria Etezadi,ME-17320,6973.476,10,6/18/2015,11/7/2018,85,231,4,5,5,455,Champions
Maria Zettner,MZ-17335,5125.824,7,8/4/2016,7/29/2018,186,86,2,3,4,234,At Risk
Maribeth Dona,MD-17350,969.327,4,11/6/2017,1/26/2018,370,26,1,1,1,111,Lost
Maribeth Schnelling,MS-17365,2418.084,5,9/27/2016,12/26/2018,36,188,5,2,2,522,Promising
Maribeth Yedwab,MY-17380,5219.547,9,6/1/2016,11/8/2018,84,172.5,4,5,4,454,Champions
Marina Lichtenstein,ML-17395,6748.332,4,9/21/2015,6/4/2017,606,192,1,1,5,115,Can’t Lose Them
Maris LaWare,ML-17410,1923.639,5,6/24/2016,7/19/2018,196,132.5,2,2,2,222,Hibernating
Mark Cousins,MC-17425,526.482,4,9/27/2015,10/16/2017,472,457,1,1,1,111,Lost
Mark Haberlin,MH-17440,3452.319,8,12/16/2015,11/17/2018,75,240,4,4,3,443,Customers Needing Attention
Mark Hamilton,MH-17455,3226.962,8,11/5/2015,11/7/2018,85,86,4,4,3,443,Customers Needing Attention
Mark Packer,MP-17470,4416.918,6,7/7/2015,12/26/2018,36,263,5,2,4,524,Promising
Mark Van Huff,MV-17485,5579.463,9,6/12/2016,12/15/2018,47,197,5,5,4,554,Champions
Mary O'Rourke,MO-17500,4472.013,5,11/11/2016,8/6/2018,178,167,2,2,4,224,At Risk
Mary Zewe,MZ-17515,3802.2255,6,4/17/2015,11/18/2018,74,742,4,2,3,423,Potential Loyalist
MaryBeth Skach,MS-17530,3699.327,6,7/29/2016,12/16/2018,46,188,5,2,3,523,Promising
Mathew Reese,MR-17545,11500.3755,8,7/29/2015,8/2/2018,182,177,2,4,5,245,At Risk
Matt Abelman,MA-17560,2822.823,4,1/19/2015,8/25/2018,159,565,2,1,3,213,About to Sleep
Matt Collins,MC-17575,2353.635,6,8/16/2015,8/14/2018,170,96,2,2,2,222,Hibernating
Matt Collister,MC-17590,2190.543,7,4/28/2015,11/19/2017,438,293,1,3,2,132,Hibernating
Matt Connell,MC-17605,3719.34,6,12/27/2015,9/18/2017,500,183,1,2,3,123,Hibernating
Matt Hagelstein,MH-17620,4012.035,7,5/19/2015,12/8/2018,54,592,5,3,4,534,Customers Needing Attention
Matthew Clasen,MC-17635,2616.51,7,3/16/2016,2/14/2018,351,322,1,3,2,132,Hibernating
Matthew Grinstein,MG-17650,2971.677,4,12/10/2015,8/16/2018,168,322,2,1,3,213,About to Sleep
Maureen Fritzler,MF-17665,4859.637,10,3/12/2015,11/10/2018,82,152,4,5,4,454,Champions
Maureen Gastineau,MG-17680,3801.432,6,12/3/2015,8/16/2017,533,165,1,2,3,123,Hibernating
Maureen Gnade,MG-17695,6957.774,6,7/27/2015,11/27/2018,65,317,4,2,5,425,Promising
Maurice Satty,MS-17710,3813.228,6,9/25/2015,11/28/2018,64,514,4,2,3,423,Potential Loyalist
Max Engle,ME-17725,802.275,3,4/7/2015,4/1/2018,305,545,1,1,1,111,Lost
Max Jones,MJ-17740,2547.684,4,5/10/2016,11/8/2018,84,148,4,1,2,412,Recent Customers
Max Ludwig,ML-17755,5182.4985,6,2/3/2015,12/30/2018,32,286,5,2,4,524,Promising
Maxwell Schwartz,MS-17770,7755.69,11,11/28/2015,11/12/2018,80,161.5,4,5,5,455,Champions
Maya Herman,MH-17785,2780.454,5,8/13/2015,12/16/2018,46,320.5,5,2,3,523,Promising
Meg O'Connel,MO-17800,355.74,3,2/10/2015,9/17/2018,136,657.5,3,1,1,311,Recent Customers
Meg Tillman,MT-17815,3607.497,7,7/4/2016,9/29/2018,124,138.5,3,3,3,333,Potential Loyalist
Melanie Seite,MS-17830,4365.765,7,6/30/2015,12/8/2018,54,587.5,5,3,4,534,Customers Needing Attention
Michael Chen,MC-17845,1716.618,5,1/8/2017,12/16/2018,46,360.5,5,2,2,522,Promising
Michael Dominguez,MD-17860,2690.448,9,1/18/2015,4/17/2018,289,213.5,1,5,2,152,At Risk
Michael Grace,MG-17875,6604.3695,11,6/5/2015,11/10/2018,82,142.5,4,5,5,455,Champions
Michael Granlund,MG-17890,2843.985,9,1/5/2015,12/26/2018,36,333,5,5,3,553,Potential Loyalist
Michael Kennedy,MK-17905,2600.7465,5,6/8/2015,12/10/2018,52,309.5,5,2,2,522,Promising
Michael Moore,MM-17920,7421.691,7,1/26/2015,10/1/2018,122,202.5,3,3,5,335,Loyal Customers
Michael Nguyen,MN-17935,3180.789,5,3/7/2016,12/23/2018,39,190.5,5,2,3,523,Promising
Michael Oakman,MO-17950,4006.056,8,8/18/2015,12/25/2018,37,136,5,4,4,544,Champions
Michael Paige,MP-17965,6430.176,13,7/15/2016,11/7/2018,85,179,4,5,5,455,Champions
Michael Stewart,MS-17980,7201.155,6,8/25/2016,8/11/2018,173,95,2,2,5,225,At Risk
Michelle Arnett,MA-17995,1633.869,4,5/1/2016,8/31/2018,153,167,2,1,2,212,Hibernating
Michelle Ellison,ME-18010,5881.794,11,2/10/2015,11/19/2018,73,187.5,4,5,5,455,Champions
Michelle Huthwaite,MH-18025,5120.6745,8,4/17/2016,10/19/2018,104,185,3,4,4,344,Loyal Customers
Michelle Lonsdale,ML-18040,4548.339,6,5/11/2015,12/24/2018,38,397,5,2,4,524,Promising
Michelle Moray,MM-18055,6490.938,10,5/11/2015,12/16/2018,46,319,5,5,5,555,Champions
Michelle Tran,MT-18070,6718.1535,7,6/16/2016,8/26/2018,158,152,2,3,5,235,At Risk
Mick Brown,MB-18085,1734.852,9,1/11/2015,9/18/2018,135,408.5,3,5,2,352,Potential Loyalist
Mick Crebagga,MC-18100,3955.659,9,8/24/2015,8/30/2018,154,160.5,2,5,4,254,At Risk
Mick Hernandez,MH-18115,2669.868,4,12/29/2015,12/13/2018,49,278,5,1,2,512,Recent Customers
Mike Caudle,MC-18130,3276.918,3,6/2/2015,3/31/2018,306,516.5,1,1,3,113,Can’t Lose Them
Mike Gockenbach,MG-18145,9498.804,4,4/17/2016,11/24/2018,68,257,4,1,5,415,Promising
Mike Kennedy,MK-18160,2253.006,5,1/18/2017,12/9/2018,53,180.5,5,2,2,522,Promising
Mike Pelletier,MP-18175,5064.2835,8,5/13/2015,4/28/2018,278,254,1,4,4,144,Can’t Lose Them
Mike Vittorini,MV-18190,2799.252,10,4/25/2016,11/3/2018,89,196,3,5,3,353,Potential Loyalist
Mitch Gastineau,MG-18205,5544.72,11,4/21/2016,12/29/2018,33,149.5,5,5,4,554,Champions
Mitch Webber,MW-18220,5708.007,5,11/29/2016,10/24/2018,99,361,3,2,5,325,Customers Needing Attention
Mitch Willingham,MW-18235,3017.433,7,8/10/2015,6/20/2018,225,478,2,3,3,233,Hibernating
Monica Federle,MF-18250,9617.061,13,6/2/2015,11/22/2018,70,191.5,4,5,5,455,Champions
Muhammed Lee,ML-18265,7377.831,9,6/7/2015,6/26/2018,219,195.5,2,5,5,255,At Risk
Muhammed MacIntyre,MM-18280,3349.188,5,4/5/2015,1/20/2017,741,92.5,1,2,3,123,Hibernating
Muhammed Yedwab,MY-18295,6647.943,8,9/10/2015,11/18/2018,74,375,4,4,5,445,Champions
Nancy Lomonaco,NL-18310,1732.344,6,8/3/2015,12/6/2018,56,129,4,2,2,422,Recent Customers
Naresj Patel,NP-18325,2921.889,7,2/28/2016,11/6/2018,86,129.5,4,3,3,433,Potential Loyalist
Nat Carroll,NC-18340,1753.3635,4,11/22/2015,12/26/2018,36,568,5,1,2,512,Recent Customers
Nat Gilpin,NG-18355,2134.026,6,2/9/2015,11/1/2018,91,190,3,2,2,322,Hibernating
Natalie DeCherney,ND-18370,3485.5395,3,2/15/2016,12/4/2017,423,563.5,1,1,3,113,Can’t Lose Them
Natalie Fritzler,NF-18385,9657.7755,13,6/16/2015,12/24/2018,38,245.5,5,5,5,555,Champions
Natalie Webber,NW-18400,1719.204,4,6/17/2016,7/3/2018,212,28,2,1,2,212,Hibernating
Nathan Cano,NC-18415,2335.296,4,6/8/2015,6/25/2018,220,962,2,1,2,212,Hibernating
Nathan Gelder,NG-18430,3619.749,8,6/9/2016,12/4/2018,58,185,4,4,3,443,Customers Needing Attention
Nathan Mautz,NM-18445,1334.274,5,12/3/2015,8/2/2018,182,258.5,2,2,1,221,About to Sleep
Neil Ducich,ND-18460,5125.44,6,9/29/2015,8/7/2018,177,234,2,2,4,224,At Risk
Neil Französisch,NF-18475,6406.566,8,12/2/2015,12/25/2018,37,353,5,4,5,545,Champions
Neil Knudson,NK-18490,1104.654,6,6/8/2015,12/5/2018,57,205,4,2,1,421,Recent Customers
Neola Schneider,NS-18505,3762.666,6,9/14/2016,10/30/2018,93,140,3,2,3,323,Potential Loyalist
Neoma Murray,NM-18520,4101.486,5,12/27/2016,12/12/2018,50,178.5,5,2,4,524,Promising
Nick Crebassa,NC-18535,565.422,7,9/21/2015,3/3/2018,334,104.5,1,3,1,131,Lost
Nick Radford,NR-18550,1115.283,4,8/19/2015,4/19/2018,287,423,1,1,1,111,Lost
Nick Zandusky,NZ-18565,5474.094,5,7/23/2015,9/13/2018,140,374.5,3,2,4,324,Customers Needing Attention
Nicole Brennan,NB-18580,1409.85,2,1/21/2016,4/2/2017,669,437,1,1,1,111,Lost
Nicole Fjeld,NF-18595,1557.303,4,9/25/2015,5/24/2017,617,151,1,1,2,112,Lost
Nicole Hansen,NH-18610,4807.458,5,6/4/2015,10/22/2018,101,461,3,2,4,324,Customers Needing Attention
Noah Childs,NC-18625,2017.4175,6,4/28/2015,11/6/2018,86,475,4,2,2,422,Recent Customers
Noel Staavos,NS-18640,4581.471,10,2/10/2016,11/25/2018,67,251,4,5,4,454,Champions
Nona Balk,NB-18655,4477.254,5,10/14/2015,11/23/2018,69,524,4,2,4,424,Promising
Nora Paige,NP-18670,6410.904,8,4/13/2016,6/23/2018,222,252,2,4,5,245,At Risk
Nora Pelletier,NP-18685,843.3705,6,9/26/2016,8/14/2018,170,92,2,2,1,221,About to Sleep
Nora Preis,NP-18700,4019.868,8,11/26/2015,12/3/2018,59,322,4,4,4,444,Loyal Customers
Odella Nelson,ON-18715,8366.817,11,2/16/2015,11/14/2018,78,206,4,5,5,455,Champions
Olvera Toch,OT-18730,5883.684,8,7/25/2016,11/20/2018,72,112,4,4,5,445,Champions
Pamela Coakley,PC-18745,1449.012,5,5/20/2015,12/10/2018,52,95.5,5,2,1,521,Promising
Pamela Stobb,PS-18760,6532.344,6,7/17/2015,6/24/2018,221,517,2,2,5,225,At Risk
Parhena Norris,PN-18775,2519.736,13,9/2/2015,9/15/2018,138,266.5,3,5,2,352,Potential Loyalist
Patricia Hirasaki,PH-18790,408.483,1,10/26/2016,10/26/2016,827,0,1,1,1,111,Lost
Patrick Bzostek,PB-18805,4890.0465,6,12/9/2015,1/6/2018,390,265,1,2,4,124,At Risk
Patrick Gardner,PG-18820,779.094,3,12/8/2015,4/18/2017,653,248.5,1,1,1,111,Lost
Patrick Jones,PJ-18835,8508.444,3,6/21/2015,9/8/2018,145,868,3,1,5,315,Promising
Patrick O'Brill,PO-18850,7287.471,12,1/26/2015,9/17/2018,136,181,3,5,5,355,Loyal Customers
Patrick O'Donnell,PO-18865,13056.297,10,3/12/2015,10/29/2018,94,392,3,5,5,355,Loyal Customers
Patrick Ryan,PR-18880,3897.948,9,11/3/2015,9/3/2018,150,286.5,2,5,4,254,At Risk
Paul Gonzalez,PG-18895,4707.684,7,2/22/2015,12/29/2018,33,217,5,3,4,534,Customers Needing Attention
Paul Knutson,PK-18910,802.116,2,8/12/2015,11/1/2017,456,812,1,1,1,111,Lost
Paul Lucas,PL-18925,1898.511,3,2/10/2015,5/25/2017,616,604,1,1,2,112,Lost
Paul MacIntyre,PM-18940,4562.679,7,8/26/2015,12/10/2018,52,252,5,3,4,534,Customers Needing Attention
Paul Prost,PP-18955,5298.477,6,8/19/2015,12/27/2017,400,310,1,2,4,124,At Risk
Paul Stevenson,PS-18970,4671.2115,12,1/22/2015,6/24/2018,221,210,2,5,4,254,At Risk
Paul Van Hugh,PV-18985,2311.6695,7,10/12/2015,12/10/2018,52,292.5,5,3,2,532,Potential Loyalist
Pauline Chand,PC-19000,6068.532,5,4/7/2015,11/29/2018,63,595.5,4,2,5,425,Promising
Pauline Johnson,PJ-19015,3277.059,5,12/16/2015,11/19/2018,73,395,4,2,3,423,Potential Loyalist
Pauline Webber,PW-19030,5990.304,8,7/15/2015,12/24/2018,38,179,5,4,5,545,Champions
Penelope Sewall,PS-19045,7012.3815,4,9/12/2016,8/15/2018,169,289,2,1,5,215,Can’t Lose Them
Pete Armstrong,PA-19060,1920.9,3,2/26/2017,10/18/2018,105,420,3,1,2,312,About to Sleep
Pete Kriz,PK-19075,4271.421,6,2/20/2016,11/25/2018,67,474,4,2,4,424,Promising
Pete Takahito,PT-19090,2553.432,7,3/23/2016,8/7/2018,177,354.5,2,3,2,232,Hibernating
Peter Bühler,PB-19105,1855.005,5,1/12/2015,7/23/2017,557,326.5,1,2,2,122,Hibernating
Peter Fuller,PF-19120,1866.459,8,5/10/2015,10/8/2018,115,272,3,4,2,342,Potential Loyalist
Peter McVee,PM-19135,1314.45,9,12/31/2015,11/25/2018,67,187.5,4,5,1,451,Potential Loyalist
Philip Brown,PB-19150,1306.395,8,8/12/2015,9/19/2018,134,169,3,4,1,341,Potential Loyalist
Philip Fox,PF-19165,5169.7785,9,12/7/2015,1/21/2018,375,350.5,1,5,4,154,Can’t Lose Them
Philisse Overcash,PO-19180,682.185,4,11/8/2016,5/7/2017,634,67,1,1,1,111,Lost
Phillina Ober,PO-19195,2524.5,3,8/7/2016,11/28/2017,429,464.5,1,1,2,112,Lost
Phillip Breyer,PB-19210,4684.101,10,4/27/2015,12/23/2018,39,162,5,5,4,554,Champions
Phillip Flathmann,PF-19225,3908.583,11,11/1/2015,12/8/2018,54,98,5,5,4,554,Champions
Pierre Wener,PW-19240,1023.306,5,3/10/2016,12/30/2018,32,453,5,2,1,521,Promising
Quincy Jones,QJ-19255,3313.29,3,11/11/2016,12/23/2017,404,305,1,1,3,113,Can’t Lose Them
Rachel Payne,RP-19270,5733.24,6,11/17/2015,4/10/2018,296,536,1,2,5,125,At Risk
Ralph Arnett,RA-19285,7956.801,8,12/15/2015,11/15/2018,77,206,4,4,5,445,Champions
Ralph Kennedy,RK-19300,1048.5075,5,2/3/2016,2/26/2018,339,138.5,1,2,1,121,Lost
Ralph Ritter,RR-19315,2373.141,5,2/1/2015,7/3/2018,212,244,2,2,2,222,Hibernating
Randy Bradley,RB-19330,8650.371,12,6/15/2015,12/16/2018,46,370,5,5,5,555,Champions
Randy Ferguson,RF-19345,3029.76,5,8/3/2017,9/30/2018,123,94.5,3,2,3,323,Potential Loyalist
Raymond Buch,RB-19360,3512.364,6,12/21/2015,10/17/2018,106,128,3,2,3,323,Potential Loyalist
Raymond Messe,RM-19375,5054.193,7,4/26/2015,9/5/2018,148,333.5,3,3,4,334,Customers Needing Attention
Resi Pölking,RP-19390,1081.875,6,6/28/2015,9/27/2018,126,402,3,2,1,321,About to Sleep
Ricardo Emerson,RE-19405,1120.386,3,3/16/2015,8/25/2018,159,775,2,1,1,211,Hibernating
Ricardo Sperren,RS-19420,5092.788,9,7/9/2015,9/23/2018,130,295,3,5,4,354,Loyal Customers
Richard Bierner,RB-19435,92.835,3,1/18/2015,8/23/2018,161,722.5,2,1,1,211,Hibernating
Richard Eichhorn,RE-19450,2496.09,4,11/8/2015,1/23/2018,373,348,1,1,2,112,Lost
Rick Bensley,RB-19465,1189.545,5,11/1/2015,9/9/2018,144,374,3,2,1,321,About to Sleep
Rick Duston,RD-19480,5552.9325,7,12/31/2015,12/31/2018,31,241.5,5,3,4,534,Customers Needing Attention
Rick Hansen,RH-19495,4264.05,5,12/1/2015,1/6/2018,390,117,1,2,4,124,At Risk
Rick Huthwaite,RH-19510,1519.905,5,6/8/2015,7/24/2018,191,159.5,2,2,2,222,Hibernating
Rick Reed,RR-19525,2908.344,6,8/20/2015,12/19/2018,43,99,5,2,3,523,Promising
Rick Wilson,RW-19540,4541.3535,7,9/13/2015,8/6/2018,178,328.5,2,3,4,234,At Risk
Ritsa Hightower,RH-19555,2999.964,9,5/24/2016,12/24/2018,38,94.5,5,5,3,553,Potential Loyalist
Rob Beeghly,RB-19570,6787.146,10,11/29/2015,6/26/2018,219,234,2,5,5,255,At Risk
Rob Dowd,RD-19585,8109.282,9,11/4/2015,12/6/2018,56,246.5,4,5,5,455,Champions
Rob Haberlin,RH-19600,953.808,8,6/3/2015,11/13/2018,79,99,4,4,1,441,Potential Loyalist
Rob Lucas,RL-19615,682.53,4,9/9/2016,9/2/2018,151,371,2,1,1,211,Hibernating
Rob Williams,RW-19630,1348.8855,5,2/16/2015,4/24/2018,282,693,1,2,1,121,Lost
Robert Barroso,RB-19645,1581.081,6,8/30/2016,2/14/2018,351,216,1,2,2,122,Hibernating
Robert Dilbeck,RD-19660,5342.607,4,1/5/2017,5/7/2018,269,96,1,1,4,114,Can’t Lose Them
Robert Marley,RM-19675,3008.652,8,12/3/2015,12/27/2018,35,254,5,4,3,543,Loyal Customers
Robert Waldorf,RW-19690,941.232,6,3/15/2016,11/8/2018,84,307,4,2,1,421,Recent Customers
Roger Barcio,RB-19705,366.384,3,3/4/2015,12/15/2018,47,691,5,1,1,511,Recent Customers
Roger Demir,RD-19720,5294.88,9,10/23/2015,10/30/2018,93,221.5,3,5,4,354,Loyal Customers
Roland Fjeld,RF-19735,1319.85,3,12/5/2016,7/3/2018,212,287.5,2,1,1,211,Hibernating
Roland Murray,RM-19750,2362.2,3,10/19/2015,6/5/2018,240,480,2,1,2,212,Hibernating
Roland Schwarz,RS-19765,3668.232,4,12/21/2015,11/18/2018,74,364,4,1,3,413,Promising
Rose O'Brian,RO-19780,1843.641,7,5/7/2015,3/6/2018,331,269.5,1,3,2,132,Hibernating
Ross Baird,RB-19795,1484.709,5,3/8/2017,6/22/2018,223,126.5,2,2,1,221,About to Sleep
Ross DeVincentis,RD-19810,1288.242,5,6/10/2015,7/3/2016,942,77.5,1,2,1,121,Lost
Roy Collins,RC-19825,4179.0405,7,1/11/2015,5/5/2018,271,457,1,3,4,134,At Risk
Roy Französisch,RF-19840,7356.126,7,4/28/2015,12/12/2018,50,418,5,3,5,535,Customers Needing Attention
Roy Phan,RP-19855,4063.4985,9,1/12/2015,2/28/2018,337,242.5,1,5,4,154,Can’t Lose Them
Roy Skaria,RS-19870,3207.3735,7,10/20/2015,12/11/2017,416,239.5,1,3,3,133,At Risk
Ruben Ausman,RA-19885,2888.661,7,6/28/2015,4/10/2018,296,251,1,3,3,133,At Risk
Ruben Dartt,RD-19900,23.4,1,8/21/2017,8/21/2017,528,0,1,1,1,111,Lost
Russell Applegate,RA-19915,4485.399,4,6/10/2015,8/29/2018,155,403,2,1,4,214,Can’t Lose Them
Russell D'Ascenzo,RD-19930,398.988,2,4/30/2015,11/11/2015,1177,195,1,1,1,111,Lost
Ryan Akin,RA-19945,4438.113,7,2/2/2016,12/8/2018,54,203.5,5,3,4,534,Customers Needing Attention
Ryan Crowe,RC-19960,2902.494,7,1/21/2015,8/1/2017,548,256,1,3,3,133,At Risk
Sally Hughsby,SH-19975,1390.935,4,6/10/2015,9/19/2018,134,539,3,1,1,311,Recent Customers
Sally Knutson,SK-19990,2837.0295,4,6/29/2016,11/24/2018,68,110,4,1,3,413,Promising
Sally Matthias,SM-20005,2740.104,7,6/14/2015,5/14/2018,262,156.5,1,3,3,133,At Risk
Sam Craven,SC-20020,1645.083,7,9/29/2015,12/23/2018,39,157.5,5,3,2,532,Potential Loyalist
Sam Zeldin,SZ-20035,56.52,1,8/28/2018,8/28/2018,156,0,2,1,1,211,Hibernating
Sample Company A,SC-20050,1982.394,5,6/4/2017,9/11/2018,142,222,3,2,2,322,Hibernating
Sandra Flanagan,SF-20065,4022.58,6,3/20/2015,3/8/2017,694,215,1,2,4,124,At Risk
Sandra Glassco,SG-20080,1411.398,3,2/2/2017,10/24/2018,99,423.5,3,1,1,311,Recent Customers
Sanjit Chand,SC-20095,7301.187,9,12/14/2015,9/25/2018,128,176,3,5,5,355,Loyal Customers
Sanjit Engle,SE-20110,9379.539,11,8/27/2015,11/27/2018,65,81.5,4,5,5,455,Champions
Sanjit Jacobs,SJ-20125,3672.096,9,9/29/2016,11/29/2018,63,148,4,5,3,453,Potential Loyalist
Saphhira Shifley,SS-20140,5653.272,5,4/30/2015,8/22/2018,162,313,2,2,4,224,At Risk
Sara Luxemburg,SL-20155,3702.186,9,12/2/2015,12/2/2018,60,187.5,4,5,3,453,Potential Loyalist
Sarah Bern,SB-20170,1796.8395,3,12/9/2015,12/29/2018,33,558,5,1,2,512,Recent Customers
Sarah Brown,SB-20185,6428.649,13,6/7/2015,8/18/2018,166,216,2,5,5,255,At Risk
Sarah Foster,SF-20200,3100.596,6,5/5/2015,12/26/2018,36,939,5,2,3,523,Promising
Sarah Jordon,SJ-20215,4554.903,8,2/21/2015,12/3/2018,59,240,4,4,4,444,Loyal Customers
Scot Coram,SC-20230,5549.241,8,1/24/2016,12/15/2018,47,178,5,4,4,544,Champions
Scot Wooten,SW-20245,5017.0305,7,4/15/2015,12/19/2018,43,366.5,5,3,4,534,Customers Needing Attention
Scott Cohen,SC-20260,1607.94,3,3/29/2015,12/18/2016,774,456.5,1,1,2,112,Lost
Scott Williamson,SW-20275,3080.6565,5,4/21/2015,9/30/2018,123,921,3,2,3,323,Potential Loyalist
Sean Braxton,SB-20290,4588.554,3,6/20/2016,11/20/2018,72,662,4,1,4,414,Promising
Sean Christensen,SC-20305,3508.743,9,6/12/2016,10/29/2018,94,217,3,5,3,353,Potential Loyalist
Sean Miller,SM-20320,3278.103,7,4/8/2017,11/7/2018,85,260,4,3,3,433,Potential Loyalist
Sean O'Donnell,SO-20335,4032.18,6,5/19/2015,11/11/2017,446,159,1,2,4,124,At Risk
Sean Wendt,SW-20350,1471.506,8,3/30/2015,12/19/2018,43,230,5,4,1,541,Potential Loyalist
Seth Vernon,SV-20365,2749.425,3,8/13/2015,7/3/2018,212,527.5,2,1,3,213,About to Sleep
Shahid Collister,SC-20380,1512.027,9,8/27/2015,10/6/2018,117,226,3,5,2,352,Potential Loyalist
Shahid Hopkins,SH-20395,3278.403,8,1/6/2015,8/23/2018,161,221,2,4,3,243,At Risk
Shahid Shariari,SS-20410,7810.434,5,8/16/2016,12/26/2017,401,210.5,1,2,5,125,At Risk
Sharelle Roach,SR-20425,6125.1105,6,1/14/2015,9/17/2018,136,641,3,2,5,325,Customers Needing Attention
Shaun Chance,SC-20440,631.056,3,6/29/2015,8/28/2018,156,578,2,1,1,211,Hibernating
Shaun Weien,SW-20455,1257.744,8,2/8/2015,12/24/2018,38,247,5,4,1,541,Potential Loyalist
Sheri Gordon,SG-20470,1664.094,6,3/13/2015,10/1/2018,122,304,3,2,2,322,Hibernating
Shirley Daniels,SD-20485,3887.025,10,1/17/2015,12/16/2018,46,230,5,5,3,553,Potential Loyalist
Shirley Jackson,SJ-20500,5013.348,7,1/24/2015,6/1/2017,609,296.5,1,3,4,134,At Risk
Shirley Schmidt,SS-20515,2889.486,6,9/25/2015,12/31/2018,31,720,5,2,3,523,Promising
Shui Tom,ST-20530,1308.594,10,3/28/2016,12/25/2018,37,206,5,5,1,551,Potential Loyalist
Sibella Parks,SP-20545,1033.302,3,12/28/2015,12/4/2018,58,716,4,1,1,411,Recent Customers
Skye Norling,SN-20560,2102.352,6,3/19/2015,10/21/2018,102,223,3,2,2,322,Hibernating
Sonia Cooley,SC-20575,3208.962,9,9/21/2015,10/14/2018,109,254,3,5,3,353,Potential Loyalist
Sonia Sunley,SS-20590,4727.337,5,9/23/2015,8/4/2018,180,250.5,2,2,4,224,At Risk
Speros Goranitis,SG-20605,1133.466,7,4/30/2015,7/14/2018,201,489.5,2,3,1,231,Hibernating
Stefania Perrino,SP-20620,3491.4,7,3/24/2016,11/4/2018,88,316,3,3,3,333,Potential Loyalist
Stefanie Holloman,SH-20635,6350.1825,8,4/21/2016,12/1/2018,61,206,4,4,5,445,Champions
Stephanie Phelps,SP-20650,1468.05,3,5/12/2015,12/11/2018,51,654.5,5,1,1,511,Recent Customers
Stephanie Ulpright,SU-20665,1109.949,5,3/6/2017,10/21/2018,102,392,3,2,1,321,About to Sleep
Steve Carroll,SC-20680,1672.632,9,6/28/2015,12/10/2018,52,266,5,5,2,552,Potential Loyalist
Steve Chapman,SC-20695,3889.8225,6,5/6/2015,8/16/2017,533,223,1,2,3,123,Hibernating
Steve Nguyen,SN-20710,4389.354,6,8/28/2016,8/27/2018,157,396,2,2,4,224,At Risk
Steven Cartwright,SC-20725,5473.632,10,12/1/2015,12/19/2018,43,235,5,5,4,554,Champions
Steven Roelle,SR-20740,5929.41,8,7/19/2015,12/8/2018,54,342,5,4,5,545,Champions
Steven Ward,SW-20755,5692.254,9,6/3/2015,12/16/2018,46,400.5,5,5,5,555,Champions
Stewart Carmichael,SC-20770,1797.075,6,6/23/2015,9/19/2018,134,419,3,2,2,322,Hibernating
Stewart Visinsky,SV-20785,3875.394,6,6/17/2017,10/7/2018,116,99,3,2,3,323,Potential Loyalist
Stuart Calhoun,SC-20800,4486.9695,10,1/13/2015,12/1/2018,61,402,4,5,4,454,Champions
Stuart Van,SV-20815,2317.8375,4,11/24/2016,11/20/2018,72,152,4,1,2,412,Recent Customers
Sue Ann Reed,SA-20830,4397.946,3,4/1/2015,7/16/2018,199,1093.5,2,1,4,214,Can’t Lose Them
Sung Chung,SC-20845,3288.684,5,6/12/2015,11/25/2018,67,332,4,2,3,423,Potential Loyalist
Sung Pak,SP-20860,4912.6185,6,6/26/2015,9/26/2018,127,305,3,2,4,324,Customers Needing Attention
Sung Shariari,SS-20875,479.775,5,8/11/2016,12/17/2018,45,372.5,5,2,1,521,Promising
Susan Gilcrest,SG-20890,3807.09,5,10/25/2016,11/14/2018,78,154,4,2,3,423,Potential Loyalist
Susan MacKendrick,SM-20905,2181.915,7,2/7/2015,4/24/2018,282,288.5,1,3,2,132,Hibernating
Susan Pistek,SP-20920,16564.143,12,11/11/2015,2/28/2018,337,107,1,5,5,155,Can’t Lose Them
Susan Vittorini,SV-20935,2717.853,5,11/16/2015,12/31/2018,31,362,5,2,3,523,Promising
Suzanne McNair,SM-20950,1437.939,6,6/21/2015,9/1/2018,152,406,2,2,1,221,About to Sleep
Sylvia Foulston,SF-20965,886.104,3,3/3/2016,10/3/2018,120,472,3,1,1,311,Recent Customers
Tamara Chand,TC-20980,5835.819,7,10/21/2015,8/26/2018,158,148,2,3,5,235,At Risk
Tamara Dahlen,TD-20995,2729.97,6,7/3/2015,3/26/2018,311,270,1,2,3,123,Hibernating
Tamara Manning,TM-21010,6441.996,10,8/22/2015,10/28/2018,95,342,3,5,5,355,Loyal Customers
Tamara Willingham,TW-21025,4511.715,8,3/25/2015,6/28/2018,217,234,2,4,4,244,At Risk
Tanja Norvell,TN-21040,1313.076,7,9/13/2015,8/26/2018,158,149.5,2,3,1,231,Hibernating
Ted Butterfield,TB-21055,5061.039,6,4/20/2015,11/26/2018,66,100,4,2,4,424,Promising
Ted Trevino,TT-21070,3223.3125,9,4/27/2015,1/8/2018,388,159,1,5,3,153,At Risk
Thais Sissman,TS-21085,2742.987,5,4/29/2016,11/20/2018,72,147.5,4,2,3,423,Potential Loyalist
Thea Hendricks,TH-21100,6369.777,8,3/27/2015,11/7/2018,85,349,4,4,5,445,Champions
Thea Hudgings,TH-21115,902.49,2,6/5/2017,9/15/2018,138,467,3,1,1,311,Recent Customers
Theone Pippenger,TP-21130,4686.573,7,1/5/2016,11/5/2018,87,311,3,3,4,334,Customers Needing Attention
Theresa Coyne,TC-21145,907.776,4,11/21/2016,11/11/2018,81,459,4,1,1,411,Recent Customers
Theresa Swint,TS-21160,1035.351,6,6/16/2015,9/17/2018,136,105,3,2,1,321,About to Sleep
Thomas Boland,TB-21175,4662.567,6,8/27/2015,10/7/2018,116,108,3,2,4,324,Customers Needing Attention
Thomas Brumley,TB-21190,590.79,4,3/26/2015,7/8/2017,572,537,1,1,1,111,Lost
Thomas Seio,TS-21205,1261.197,9,8/26/2015,12/5/2018,57,296,4,5,1,451,Potential Loyalist
Thomas Thornton,TT-21220,4669.095,5,9/20/2015,11/24/2018,68,334,4,2,4,424,Promising
Tiffany House,TH-21235,6522.555,8,7/21/2015,12/23/2018,39,180,5,4,5,545,Champions
Tim Brockman,TB-21250,4188.39,9,8/26/2015,12/24/2018,38,201.5,5,5,4,554,Champions
Tim Taslimi,TT-21265,251.613,1,9/11/2017,9/11/2017,507,0,1,1,1,111,Lost
Toby Braunhardt,TB-21280,1165.659,4,12/13/2015,1/10/2018,386,248,1,1,1,111,Lost
Toby Carlisle,TC-21295,8816.7465,10,5/31/2015,10/30/2018,93,234,3,5,5,355,Loyal Customers
Toby Gnade,TG-21310,4548.48,11,8/6/2015,6/3/2018,242,87,2,5,4,254,At Risk
Toby Ritter,TR-21325,1812.54,6,6/29/2016,7/14/2018,201,157,2,2,2,222,Hibernating
Toby Swindell,TS-21340,3195.045,7,3/8/2015,10/22/2018,101,588.5,3,3,3,333,Potential Loyalist
Todd Boyes,TB-21355,791.28,2,6/12/2015,5/31/2018,245,1084,2,1,1,211,Hibernating
Todd Sumrall,TS-21370,5878.065,9,3/2/2015,4/9/2018,297,326.5,1,5,5,155,Can’t Lose Them
Tom Ashbrook,TA-21385,6160.983,9,6/15/2016,12/5/2018,57,243.5,4,5,5,455,Champions
Tom Boeckenhauer,TB-21400,1588.35,3,3/2/2015,5/29/2017,612,409.5,1,1,2,112,Lost
Tom Prescott,TP-21415,504.27,3,8/7/2017,9/4/2018,149,196.5,3,1,1,311,Recent Customers
Tom Stivers,TS-21430,3017.4135,5,4/19/2015,12/12/2018,50,1049.5,5,2,3,523,Promising
Tom Zandusky,TZ-21445,2565.228,4,8/22/2016,5/24/2018,252,288,2,1,2,212,Hibernating
Tonja Turnell,TT-21460,6814.899,9,3/11/2015,8/25/2018,159,328.5,2,5,5,255,At Risk
Tony Chapman,TC-21475,3168.945,4,11/18/2015,12/30/2018,32,406,5,1,3,513,Promising
Tony Molinari,TM-21490,5473.986,9,8/16/2016,11/3/2018,89,212,3,5,4,354,Loyal Customers
Tony Sayre,TS-21505,3294.654,4,6/24/2016,10/13/2018,110,552,3,1,3,313,Promising
Tracy Blumstein,TB-21520,2120.8695,8,5/8/2015,9/10/2018,143,230,3,4,2,342,Potential Loyalist
Tracy Collins,TC-21535,1763.94,5,10/18/2016,6/9/2018,236,232.5,2,2,2,222,Hibernating
Tracy Hopkins,TH-21550,1609.632,4,8/15/2016,10/17/2018,106,401,3,1,2,312,About to Sleep
Tracy Poddar,TP-21565,5101.74,10,2/15/2015,8/15/2018,169,353,2,5,4,254,At Risk
Tracy Zic,TZ-21580,5782.356,5,5/5/2015,3/19/2018,318,327.5,1,2,5,125,At Risk
Troy Blackwell,TB-21595,1526.634,5,3/28/2015,10/25/2017,463,268,1,2,2,122,Hibernating
Troy Staebel,TS-21610,5778.402,8,1/20/2016,12/11/2018,51,391,5,4,5,545,Champions
Trudy Brown,TB-21625,3477.648,6,11/25/2015,5/3/2018,273,112,1,2,3,123,Hibernating
Trudy Glocke,TG-21640,5100.6,10,11/1/2015,12/26/2018,36,196,5,5,4,554,Champions
Trudy Schmidt,TS-21655,2911.623,8,8/26/2015,3/25/2018,312,378,1,4,3,143,At Risk
Valerie Dominguez,VD-21670,2442.54,4,1/21/2016,11/25/2018,67,334,4,1,2,412,Recent Customers
Valerie Mitchum,VM-21685,4588.722,4,3/13/2017,5/16/2018,260,153,2,1,4,214,Can’t Lose Them
Valerie Takahito,VT-21700,1495.4625,8,6/8/2015,12/24/2018,38,163,5,4,1,541,Potential Loyalist
Vicky Freymann,VF-21715,2661.882,4,4/6/2017,9/16/2018,137,120,3,1,2,312,About to Sleep
Victor Preis,VP-21730,2182.029,7,8/9/2015,7/30/2018,185,242,2,3,2,232,Hibernating
Victoria Brennan,VB-21745,2653.059,5,12/1/2015,12/10/2017,417,287.5,1,2,2,122,Hibernating
Victoria Pisteka,VP-21760,6641.739,7,6/22/2016,10/3/2018,120,157,3,3,5,335,Loyal Customers
Victoria Wilson,VW-21775,1884.576,4,8/28/2015,12/25/2018,37,782,5,1,2,512,Recent Customers
Vivek Gonzalez,VG-21790,3430.0695,5,4/11/2017,9/12/2018,141,457,3,2,3,323,Potential Loyalist
Vivek Grady,VG-21805,2408.28,5,6/17/2015,12/27/2018,35,275,5,2,2,522,Promising
Vivek Sundaresam,VS-21820,1462.305,5,10/11/2015,5/10/2018,266,173,1,2,1,121,Lost
Vivian Mathis,VM-21835,1081.269,7,12/9/2015,9/11/2018,142,176.5,3,3,1,331,About to Sleep
William Brown,WB-21850,968.805,8,5/17/2015,12/10/2018,52,121,5,4,1,541,Potential Loyalist
Xylona Preis,XP-21865,2113.458,4,12/6/2015,5/1/2018,275,369,1,1,2,112,Lost
Yana Sorensen,YS-21880,3864.06,6,10/22/2015,6/17/2018,228,307,2,2,3,223,Hibernating
Yoseph Carroll,YC-21895,8530.9185,14,2/9/2015,11/18/2018,74,230,4,5,5,455,Champions
Zuschuss Carroll,ZC-21910,11853.069,11,9/24/2015,12/28/2018,34,137.5,5,5,5,555,Champions
Zuschuss Donatelli,ZD-21925,4545.7215,7,2/21/2015,12/30/2018,32,467.5,5,3,4,534,Customers Needing Attention
